<metadata xml:lang="en"><Esri><CreaDate>20250418</CreaDate><CreaTime>14574700</CreaTime><ArcGISFormat>1.0</ArcGISFormat><SyncOnce>FALSE</SyncOnce><DataProperties><itemProps><itemName Sync="TRUE">USFS_SantaCatalinas</itemName><imsContentType Sync="TRUE">002</imsContentType><itemLocation><linkage Sync="TRUE">file://\\LENOVOORIGINAL\C$\GIS_projects\UniversityArizona\UAL\tutorials\SantaCatalinas\raw_data\USFS_SantaCatalinas\USFS_SantaCatalinas.shp</linkage><protocol Sync="TRUE">Local Area Network</protocol></itemLocation><itemSize Sync="TRUE">0.000</itemSize></itemProps><coordRef><type Sync="TRUE">Projected</type><geogcsn Sync="TRUE">GCS_North_American_1983_HARN</geogcsn><csUnits Sync="TRUE">Linear Unit: Foot (0.304800)</csUnits><projcsn Sync="TRUE">NAD_1983_HARN_StatePlane_Arizona_Central_FIPS_0202_Feet_Intl</projcsn><peXml Sync="TRUE">&lt;ProjectedCoordinateSystem xsi:type='typens:ProjectedCoordinateSystem' xmlns:xsi='http://www.w3.org/2001/XMLSchema-instance' xmlns:xs='http://www.w3.org/2001/XMLSchema' xmlns:typens='http://www.esri.com/schemas/ArcGIS/3.3.0'&gt;&lt;WKT&gt;PROJCS[&amp;quot;NAD_1983_HARN_StatePlane_Arizona_Central_FIPS_0202_Feet_Intl&amp;quot;,GEOGCS[&amp;quot;GCS_North_American_1983_HARN&amp;quot;,DATUM[&amp;quot;D_North_American_1983_HARN&amp;quot;,SPHEROID[&amp;quot;GRS_1980&amp;quot;,6378137.0,298.257222101]],PRIMEM[&amp;quot;Greenwich&amp;quot;,0.0],UNIT[&amp;quot;Degree&amp;quot;,0.0174532925199433]],PROJECTION[&amp;quot;Transverse_Mercator&amp;quot;],PARAMETER[&amp;quot;False_Easting&amp;quot;,700000.0],PARAMETER[&amp;quot;False_Northing&amp;quot;,0.0],PARAMETER[&amp;quot;Central_Meridian&amp;quot;,-111.9166666666667],PARAMETER[&amp;quot;Scale_Factor&amp;quot;,0.9999],PARAMETER[&amp;quot;Latitude_Of_Origin&amp;quot;,31.0],UNIT[&amp;quot;Foot&amp;quot;,0.3048],AUTHORITY[&amp;quot;EPSG&amp;quot;,2868]]&lt;/WKT&gt;&lt;XOrigin&gt;-17746700&lt;/XOrigin&gt;&lt;YOrigin&gt;-44067300&lt;/YOrigin&gt;&lt;XYScale&gt;137254860.72514725&lt;/XYScale&gt;&lt;ZOrigin&gt;-100000&lt;/ZOrigin&gt;&lt;ZScale&gt;10000&lt;/ZScale&gt;&lt;MOrigin&gt;-100000&lt;/MOrigin&gt;&lt;MScale&gt;10000&lt;/MScale&gt;&lt;XYTolerance&gt;0.0032808398950131233&lt;/XYTolerance&gt;&lt;ZTolerance&gt;0.001&lt;/ZTolerance&gt;&lt;MTolerance&gt;0.001&lt;/MTolerance&gt;&lt;HighPrecision&gt;true&lt;/HighPrecision&gt;&lt;WKID&gt;2868&lt;/WKID&gt;&lt;LatestWKID&gt;2868&lt;/LatestWKID&gt;&lt;/ProjectedCoordinateSystem&gt;</peXml></coordRef><lineage><Process ToolSource="c:\program files\arcgis\pro\Resources\ArcToolbox\toolboxes\Conversion Tools.tbx\ExportFeatures" Date="20250418" Time="140943">ExportFeatures Protected_Lands_of_Pima_County C:\GIS_projects\UniversityArizona\UAL\tutorials\SantaCatalinas\SantaCatalinas.gdb\SCM_PublicLands # NOT_USE_ALIAS "OBJECTID "OBJECTID" true true false 4 Short 0 4,First,#,Protected_Lands_of_Pima_County,OBJECTID,-1,-1;PARCEL "PARCEL" true true false 24 Text 0 0,First,#,Protected_Lands_of_Pima_County,PARCEL,0,23;PARCEL_OLD "PARCEL_OLD" true true false 9 Text 0 0,First,#,Protected_Lands_of_Pima_County,PARCEL_OLD,0,8;OWNER "OWNER" true true false 47 Text 0 0,First,#,Protected_Lands_of_Pima_County,OWNER,0,46;MANAGED "MANAGED" true true false 44 Text 0 0,First,#,Protected_Lands_of_Pima_County,MANAGED,0,43;DEPT "DEPT" true true false 23 Text 0 0,First,#,Protected_Lands_of_Pima_County,DEPT,0,22;ONAME1 "ONAME1" true true false 61 Text 0 0,First,#,Protected_Lands_of_Pima_County,ONAME1,0,60;ONAME2 "ONAME2" true true false 50 Text 0 0,First,#,Protected_Lands_of_Pima_County,ONAME2,0,49;ONAME3 "ONAME3" true true false 33 Text 0 0,First,#,Protected_Lands_of_Pima_County,ONAME3,0,32;ONAME4 "ONAME4" true true false 100 Text 0 0,First,#,Protected_Lands_of_Pima_County,ONAME4,0,99;ONAME5 "ONAME5" true true false 43 Text 0 0,First,#,Protected_Lands_of_Pima_County,ONAME5,0,42;STATUS "STATUS" true true false 33 Text 0 0,First,#,Protected_Lands_of_Pima_County,STATUS,0,32;GAP "GAP" true true false 2 Text 0 0,First,#,Protected_Lands_of_Pima_County,GAP,0,1;MGMT_PLAN "MGMT_PLAN" true true false 59 Text 0 0,First,#,Protected_Lands_of_Pima_County,MGMT_PLAN,0,58;ACQDATE "ACQDATE" true true false 9 Text 0 0,First,#,Protected_Lands_of_Pima_County,ACQDATE,0,8;BOND "BOND" true true false 9 Text 0 0,First,#,Protected_Lands_of_Pima_County,BOND,0,8;FUNDS1 "FUNDS1" true true false 21 Text 0 0,First,#,Protected_Lands_of_Pima_County,FUNDS1,0,20;FUNDS2 "FUNDS2" true true false 27 Text 0 0,First,#,Protected_Lands_of_Pima_County,FUNDS2,0,26;COMIT_MSCP "COMIT_MSCP" true true false 3 Text 0 0,First,#,Protected_Lands_of_Pima_County,COMIT_MSCP,0,2;SOURCE "SOURCE" true true false 13 Text 0 0,First,#,Protected_Lands_of_Pima_County,SOURCE,0,12;RECEIVE "RECEIVE" true true false 8 Text 0 0,First,#,Protected_Lands_of_Pima_County,RECEIVE,0,7;COUNTY "COUNTY" true true false 20 Text 0 0,First,#,Protected_Lands_of_Pima_County,COUNTY,0,19;ATLAS "ATLAS" true true false 14 Text 0 0,First,#,Protected_Lands_of_Pima_County,ATLAS,0,13;CLS_STATUS "CLS_STATUS" true true false 12 Text 0 0,First,#,Protected_Lands_of_Pima_County,CLS_STATUS,0,11;AOLTBNDY "AOLTBNDY" true true false 19 Text 0 0,First,#,Protected_Lands_of_Pima_County,AOLTBNDY,0,18;SDCP_BND "SDCP_BND" true true false 19 Text 0 0,First,#,Protected_Lands_of_Pima_County,SDCP_BND,0,18;ACRES_GIS "ACRES_GIS" true true false 24 Double 15 23,First,#,Protected_Lands_of_Pima_County,ACRES_GIS,-1,-1;EDITOR_NAM "EDITOR_NAM" true true false 35 Text 0 0,First,#,Protected_Lands_of_Pima_County,EDITOR_NAM,0,34;EDIT_DATE "EDIT_DATE" true true false 8 Date 0 0,First,#,Protected_Lands_of_Pima_County,EDIT_DATE,-1,-1;GlobalID "GlobalID" true true false 38 Text 0 0,First,#,Protected_Lands_of_Pima_County,GlobalID,0,37;PropType "PropType" true true false 35 Text 0 0,First,#,Protected_Lands_of_Pima_County,PropType,0,34;MSCP "MSCP" true true false 1 Text 0 0,First,#,Protected_Lands_of_Pima_County,MSCP,0,0;Sec10Mit "Sec10Mit" true true false 1 Text 0 0,First,#,Protected_Lands_of_Pima_County,Sec10Mit,0,0;PCOWNER "PCOWNER" true true false 1 Text 0 0,First,#,Protected_Lands_of_Pima_County,PCOWNER,0,0;MSCPType "MSCPType" true true false 1 Text 0 0,First,#,Protected_Lands_of_Pima_County,MSCPType,0,0;RCType "RCType" true true false 1 Text 0 0,First,#,Protected_Lands_of_Pima_County,RCType,0,0;ShapeSTAre "ShapeSTAre" true true false 24 Double 15 23,First,#,Protected_Lands_of_Pima_County,ShapeSTAre,-1,-1;ShapeSTLen "ShapeSTLen" true true false 24 Double 15 23,First,#,Protected_Lands_of_Pima_County,ShapeSTLen,-1,-1" #</Process><Process ToolSource="c:\program files\arcgis\pro\Resources\ArcToolbox\toolboxes\Conversion Tools.tbx\ExportFeatures" Date="20250418" Time="141035">ExportFeatures SCM_PublicLands C:\GIS_projects\UniversityArizona\UAL\tutorials\SantaCatalinas\SantaCatalinas.gdb\SantaCatalinas_PL # NOT_USE_ALIAS "OBJECTID_1 "OBJECTID" true true false 2 Short 0 0,First,#,SCM_PublicLands,OBJECTID_1,-1,-1;PARCEL "PARCEL" true true false 24 Text 0 0,First,#,SCM_PublicLands,PARCEL,0,23;PARCEL_OLD "PARCEL_OLD" true true false 9 Text 0 0,First,#,SCM_PublicLands,PARCEL_OLD,0,8;OWNER "OWNER" true true false 47 Text 0 0,First,#,SCM_PublicLands,OWNER,0,46;MANAGED "MANAGED" true true false 44 Text 0 0,First,#,SCM_PublicLands,MANAGED,0,43;DEPT "DEPT" true true false 23 Text 0 0,First,#,SCM_PublicLands,DEPT,0,22;ONAME1 "ONAME1" true true false 61 Text 0 0,First,#,SCM_PublicLands,ONAME1,0,60;ONAME2 "ONAME2" true true false 50 Text 0 0,First,#,SCM_PublicLands,ONAME2,0,49;ONAME3 "ONAME3" true true false 33 Text 0 0,First,#,SCM_PublicLands,ONAME3,0,32;ONAME4 "ONAME4" true true false 100 Text 0 0,First,#,SCM_PublicLands,ONAME4,0,99;ONAME5 "ONAME5" true true false 43 Text 0 0,First,#,SCM_PublicLands,ONAME5,0,42;STATUS "STATUS" true true false 33 Text 0 0,First,#,SCM_PublicLands,STATUS,0,32;GAP "GAP" true true false 2 Text 0 0,First,#,SCM_PublicLands,GAP,0,1;MGMT_PLAN "MGMT_PLAN" true true false 59 Text 0 0,First,#,SCM_PublicLands,MGMT_PLAN,0,58;ACQDATE "ACQDATE" true true false 9 Text 0 0,First,#,SCM_PublicLands,ACQDATE,0,8;BOND "BOND" true true false 9 Text 0 0,First,#,SCM_PublicLands,BOND,0,8;FUNDS1 "FUNDS1" true true false 21 Text 0 0,First,#,SCM_PublicLands,FUNDS1,0,20;FUNDS2 "FUNDS2" true true false 27 Text 0 0,First,#,SCM_PublicLands,FUNDS2,0,26;COMIT_MSCP "COMIT_MSCP" true true false 3 Text 0 0,First,#,SCM_PublicLands,COMIT_MSCP,0,2;SOURCE "SOURCE" true true false 13 Text 0 0,First,#,SCM_PublicLands,SOURCE,0,12;RECEIVE "RECEIVE" true true false 8 Text 0 0,First,#,SCM_PublicLands,RECEIVE,0,7;COUNTY "COUNTY" true true false 20 Text 0 0,First,#,SCM_PublicLands,COUNTY,0,19;ATLAS "ATLAS" true true false 14 Text 0 0,First,#,SCM_PublicLands,ATLAS,0,13;CLS_STATUS "CLS_STATUS" true true false 12 Text 0 0,First,#,SCM_PublicLands,CLS_STATUS,0,11;AOLTBNDY "AOLTBNDY" true true false 19 Text 0 0,First,#,SCM_PublicLands,AOLTBNDY,0,18;SDCP_BND "SDCP_BND" true true false 19 Text 0 0,First,#,SCM_PublicLands,SDCP_BND,0,18;ACRES_GIS "ACRES_GIS" true true false 8 Double 0 0,First,#,SCM_PublicLands,ACRES_GIS,-1,-1;EDITOR_NAM "EDITOR_NAM" true true false 35 Text 0 0,First,#,SCM_PublicLands,EDITOR_NAM,0,34;EDIT_DATE "EDIT_DATE" true true false 8 Date 0 0,First,#,SCM_PublicLands,EDIT_DATE,-1,-1;GlobalID "GlobalID" true true false 38 Text 0 0,First,#,SCM_PublicLands,GlobalID,0,37;PropType "PropType" true true false 35 Text 0 0,First,#,SCM_PublicLands,PropType,0,34;MSCP "MSCP" true true false 1 Text 0 0,First,#,SCM_PublicLands,MSCP,0,0;Sec10Mit "Sec10Mit" true true false 1 Text 0 0,First,#,SCM_PublicLands,Sec10Mit,0,0;PCOWNER "PCOWNER" true true false 1 Text 0 0,First,#,SCM_PublicLands,PCOWNER,0,0;MSCPType "MSCPType" true true false 1 Text 0 0,First,#,SCM_PublicLands,MSCPType,0,0;RCType "RCType" true true false 1 Text 0 0,First,#,SCM_PublicLands,RCType,0,0;ShapeSTAre "ShapeSTAre" true true false 8 Double 0 0,First,#,SCM_PublicLands,ShapeSTAre,-1,-1;ShapeSTLen "ShapeSTLen" true true false 8 Double 0 0,First,#,SCM_PublicLands,ShapeSTLen,-1,-1;Shape_Length "Shape_Length" false true true 8 Double 0 0,First,#,SCM_PublicLands,Shape_Length,-1,-1;Shape_Area "Shape_Area" false true true 8 Double 0 0,First,#,SCM_PublicLands,Shape_Area,-1,-1" #</Process><Process ToolSource="c:\program files\arcgis\pro\Resources\ArcToolbox\toolboxes\Data Management Tools.tbx\DeleteField" Date="20250418" Time="144503">DeleteField SantaCatalinas_PL OBJECTID_1;PARCEL;PARCEL_OLD "Delete Fields"</Process><Process ToolSource="c:\program files\arcgis\pro\Resources\ArcToolbox\toolboxes\Data Management Tools.tbx\DeleteField" Date="20250418" Time="144518">DeleteField SantaCatalinas_PL ONAME1;ONAME2;ONAME3;ONAME4;ONAME5 "Delete Fields"</Process><Process ToolSource="c:\program files\arcgis\pro\Resources\ArcToolbox\toolboxes\Data Management Tools.tbx\DeleteField" Date="20250418" Time="144533">DeleteField SantaCatalinas_PL GAP;MGMT_PLAN;ACQDATE;BOND;FUNDS1;FUNDS2;COMIT_MSCP;SOURCE;RECEIVE "Delete Fields"</Process><Process ToolSource="c:\program files\arcgis\pro\Resources\ArcToolbox\toolboxes\Data Management Tools.tbx\DeleteField" Date="20250418" Time="144552">DeleteField SantaCatalinas_PL ATLAS;CLS_STATUS;AOLTBNDY;SDCP_BND;ACRES_GIS;EDITOR_NAM;EDIT_DATE;GlobalID;PropType;MSCP;Sec10Mit;PCOWNER;MSCPType;RCType "Delete Fields"</Process><Process ToolSource="c:\program files\arcgis\pro\Resources\ArcToolbox\toolboxes\Conversion Tools.tbx\ExportFeatures" Date="20250418" Time="144616">ExportFeatures SantaCatalinas_PL C:\GIS_projects\UniversityArizona\UAL\tutorials\SantaCatalinas\SantaCatalinas.gdb\SantaCatalinas_USFS # NOT_USE_ALIAS "OBJECTID_1 "OBJECTID" true true false 2 Short 0 0,First,#,SantaCatalinas_PL,OBJECTID_1,-1,-1;PARCEL "PARCEL" true true false 24 Text 0 0,First,#,SantaCatalinas_PL,PARCEL,0,23;PARCEL_OLD "PARCEL_OLD" true true false 9 Text 0 0,First,#,SantaCatalinas_PL,PARCEL_OLD,0,8;OWNER "OWNER" true true false 47 Text 0 0,First,#,SantaCatalinas_PL,OWNER,0,46;MANAGED "MANAGED" true true false 44 Text 0 0,First,#,SantaCatalinas_PL,MANAGED,0,43;DEPT "DEPT" true true false 23 Text 0 0,First,#,SantaCatalinas_PL,DEPT,0,22;ONAME1 "ONAME1" true true false 61 Text 0 0,First,#,SantaCatalinas_PL,ONAME1,0,60;ONAME2 "ONAME2" true true false 50 Text 0 0,First,#,SantaCatalinas_PL,ONAME2,0,49;ONAME3 "ONAME3" true true false 33 Text 0 0,First,#,SantaCatalinas_PL,ONAME3,0,32;ONAME4 "ONAME4" true true false 100 Text 0 0,First,#,SantaCatalinas_PL,ONAME4,0,99;ONAME5 "ONAME5" true true false 43 Text 0 0,First,#,SantaCatalinas_PL,ONAME5,0,42;STATUS "STATUS" true true false 33 Text 0 0,First,#,SantaCatalinas_PL,STATUS,0,32;GAP "GAP" true true false 2 Text 0 0,First,#,SantaCatalinas_PL,GAP,0,1;MGMT_PLAN "MGMT_PLAN" true true false 59 Text 0 0,First,#,SantaCatalinas_PL,MGMT_PLAN,0,58;ACQDATE "ACQDATE" true true false 9 Text 0 0,First,#,SantaCatalinas_PL,ACQDATE,0,8;BOND "BOND" true true false 9 Text 0 0,First,#,SantaCatalinas_PL,BOND,0,8;FUNDS1 "FUNDS1" true true false 21 Text 0 0,First,#,SantaCatalinas_PL,FUNDS1,0,20;FUNDS2 "FUNDS2" true true false 27 Text 0 0,First,#,SantaCatalinas_PL,FUNDS2,0,26;COMIT_MSCP "COMIT_MSCP" true true false 3 Text 0 0,First,#,SantaCatalinas_PL,COMIT_MSCP,0,2;SOURCE "SOURCE" true true false 13 Text 0 0,First,#,SantaCatalinas_PL,SOURCE,0,12;RECEIVE "RECEIVE" true true false 8 Text 0 0,First,#,SantaCatalinas_PL,RECEIVE,0,7;COUNTY "COUNTY" true true false 20 Text 0 0,First,#,SantaCatalinas_PL,COUNTY,0,19;ATLAS "ATLAS" true true false 14 Text 0 0,First,#,SantaCatalinas_PL,ATLAS,0,13;CLS_STATUS "CLS_STATUS" true true false 12 Text 0 0,First,#,SantaCatalinas_PL,CLS_STATUS,0,11;AOLTBNDY "AOLTBNDY" true true false 19 Text 0 0,First,#,SantaCatalinas_PL,AOLTBNDY,0,18;SDCP_BND "SDCP_BND" true true false 19 Text 0 0,First,#,SantaCatalinas_PL,SDCP_BND,0,18;ACRES_GIS "ACRES_GIS" true true false 8 Double 0 0,First,#,SantaCatalinas_PL,ACRES_GIS,-1,-1;EDITOR_NAM "EDITOR_NAM" true true false 35 Text 0 0,First,#,SantaCatalinas_PL,EDITOR_NAM,0,34;EDIT_DATE "EDIT_DATE" true true false 8 Date 0 0,First,#,SantaCatalinas_PL,EDIT_DATE,-1,-1;GlobalID "GlobalID" true true false 38 Text 0 0,First,#,SantaCatalinas_PL,GlobalID,0,37;PropType "PropType" true true false 35 Text 0 0,First,#,SantaCatalinas_PL,PropType,0,34;MSCP "MSCP" true true false 1 Text 0 0,First,#,SantaCatalinas_PL,MSCP,0,254;Sec10Mit "Sec10Mit" true true false 1 Text 0 0,First,#,SantaCatalinas_PL,Sec10Mit,0,254;PCOWNER "PCOWNER" true true false 1 Text 0 0,First,#,SantaCatalinas_PL,PCOWNER,0,254;MSCPType "MSCPType" true true false 1 Text 0 0,First,#,SantaCatalinas_PL,MSCPType,0,254;RCType "RCType" true true false 1 Text 0 0,First,#,SantaCatalinas_PL,RCType,0,254;ShapeSTAre "ShapeSTAre" true true false 8 Double 0 0,First,#,SantaCatalinas_PL,ShapeSTAre,-1,-1;ShapeSTLen "ShapeSTLen" true true false 8 Double 0 0,First,#,SantaCatalinas_PL,ShapeSTLen,-1,-1;Shape_Length "Shape_Length" false true true 8 Double 0 0,First,#,SantaCatalinas_PL,Shape_Length,-1,-1;Shape_Area "Shape_Area" false true true 8 Double 0 0,First,#,SantaCatalinas_PL,Shape_Area,-1,-1" #</Process><Process ToolSource="c:\program files\arcgis\pro\Resources\ArcToolbox\toolboxes\Data Management Tools.tbx\Project" Date="20250418" Time="145748">Project SantaCatalinas_USFS C:\GIS_projects\UniversityArizona\UAL\tutorials\SantaCatalinas\SantaCatalinas.gdb\SantaCatalinas_USFS_1 PROJCS["NAD_1983_HARN_StatePlane_Arizona_Central_FIPS_0202_Feet_Intl",GEOGCS["GCS_North_American_1983_HARN",DATUM["D_North_American_1983_HARN",SPHEROID["GRS_1980",6378137.0,298.257222101]],PRIMEM["Greenwich",0.0],UNIT["Degree",0.0174532925199433]],PROJECTION["Transverse_Mercator"],PARAMETER["False_Easting",700000.0],PARAMETER["False_Northing",0.0],PARAMETER["Central_Meridian",-111.9166666666667],PARAMETER["Scale_Factor",0.9999],PARAMETER["Latitude_Of_Origin",31.0],UNIT["Foot",0.3048]] # PROJCS["NAD_1983_HARN_StatePlane_Arizona_Central_FIPS_0202_Feet_Intl",GEOGCS["GCS_North_American_1983_HARN",DATUM["D_North_American_1983_HARN",SPHEROID["GRS_1980",6378137.0,298.257222101]],PRIMEM["Greenwich",0.0],UNIT["Degree",0.0174532925199433]],PROJECTION["Transverse_Mercator"],PARAMETER["False_Easting",700000.0],PARAMETER["False_Northing",0.0],PARAMETER["Central_Meridian",-111.9166666666667],PARAMETER["Scale_Factor",0.9999],PARAMETER["Latitude_Of_Origin",31.0],UNIT["Foot",0.3048]] NO_PRESERVE_SHAPE # NO_VERTICAL</Process><Process ToolSource="c:\program files\arcgis\pro\Resources\ArcToolbox\toolboxes\Conversion Tools.tbx\ExportFeatures" Date="20250505" Time="095755">ExportFeatures SantaCatalinas_USFS_1 C:\GIS_projects\UniversityArizona\UAL\tutorials\SantaCatalinas\raw_data\USFS_SantaCatalinas\USFS_SantaCatalinas.shp # NOT_USE_ALIAS "OBJECTID_1 "OBJECTID" true true false 2 Short 0 0,First,#,SantaCatalinas_USFS_1,OBJECTID_1,-1,-1;PARCEL "PARCEL" true true false 24 Text 0 0,First,#,SantaCatalinas_USFS_1,PARCEL,0,23;PARCEL_OLD "PARCEL_OLD" true true false 9 Text 0 0,First,#,SantaCatalinas_USFS_1,PARCEL_OLD,0,8;OWNER "OWNER" true true false 47 Text 0 0,First,#,SantaCatalinas_USFS_1,OWNER,0,46;MANAGED "MANAGED" true true false 44 Text 0 0,First,#,SantaCatalinas_USFS_1,MANAGED,0,43;DEPT "DEPT" true true false 23 Text 0 0,First,#,SantaCatalinas_USFS_1,DEPT,0,22;ONAME1 "ONAME1" true true false 61 Text 0 0,First,#,SantaCatalinas_USFS_1,ONAME1,0,60;ONAME2 "ONAME2" true true false 50 Text 0 0,First,#,SantaCatalinas_USFS_1,ONAME2,0,49;ONAME3 "ONAME3" true true false 33 Text 0 0,First,#,SantaCatalinas_USFS_1,ONAME3,0,32;ONAME4 "ONAME4" true true false 100 Text 0 0,First,#,SantaCatalinas_USFS_1,ONAME4,0,99;ONAME5 "ONAME5" true true false 43 Text 0 0,First,#,SantaCatalinas_USFS_1,ONAME5,0,42;STATUS "STATUS" true true false 33 Text 0 0,First,#,SantaCatalinas_USFS_1,STATUS,0,32;GAP "GAP" true true false 2 Text 0 0,First,#,SantaCatalinas_USFS_1,GAP,0,1;MGMT_PLAN "MGMT_PLAN" true true false 59 Text 0 0,First,#,SantaCatalinas_USFS_1,MGMT_PLAN,0,58;ACQDATE "ACQDATE" true true false 9 Text 0 0,First,#,SantaCatalinas_USFS_1,ACQDATE,0,8;BOND "BOND" true true false 9 Text 0 0,First,#,SantaCatalinas_USFS_1,BOND,0,8;FUNDS1 "FUNDS1" true true false 21 Text 0 0,First,#,SantaCatalinas_USFS_1,FUNDS1,0,20;FUNDS2 "FUNDS2" true true false 27 Text 0 0,First,#,SantaCatalinas_USFS_1,FUNDS2,0,26;COMIT_MSCP "COMIT_MSCP" true true false 3 Text 0 0,First,#,SantaCatalinas_USFS_1,COMIT_MSCP,0,2;SOURCE "SOURCE" true true false 13 Text 0 0,First,#,SantaCatalinas_USFS_1,SOURCE,0,12;RECEIVE "RECEIVE" true true false 8 Text 0 0,First,#,SantaCatalinas_USFS_1,RECEIVE,0,7;COUNTY "COUNTY" true true false 20 Text 0 0,First,#,SantaCatalinas_USFS_1,COUNTY,0,19;ATLAS "ATLAS" true true false 14 Text 0 0,First,#,SantaCatalinas_USFS_1,ATLAS,0,13;CLS_STATUS "CLS_STATUS" true true false 12 Text 0 0,First,#,SantaCatalinas_USFS_1,CLS_STATUS,0,11;AOLTBNDY "AOLTBNDY" true true false 19 Text 0 0,First,#,SantaCatalinas_USFS_1,AOLTBNDY,0,18;SDCP_BND "SDCP_BND" true true false 19 Text 0 0,First,#,SantaCatalinas_USFS_1,SDCP_BND,0,18;ACRES_GIS "ACRES_GIS" true true false 8 Double 0 0,First,#,SantaCatalinas_USFS_1,ACRES_GIS,-1,-1;EDITOR_NAM "EDITOR_NAM" true true false 35 Text 0 0,First,#,SantaCatalinas_USFS_1,EDITOR_NAM,0,34;EDIT_DATE "EDIT_DATE" true true false 8 Date 0 0,First,#,SantaCatalinas_USFS_1,EDIT_DATE,-1,-1;GlobalID "GlobalID" true true false 38 Text 0 0,First,#,SantaCatalinas_USFS_1,GlobalID,0,37;PropType "PropType" true true false 35 Text 0 0,First,#,SantaCatalinas_USFS_1,PropType,0,34;MSCP "MSCP" true true false 1 Text 0 0,First,#,SantaCatalinas_USFS_1,MSCP,0,0;Sec10Mit "Sec10Mit" true true false 1 Text 0 0,First,#,SantaCatalinas_USFS_1,Sec10Mit,0,0;PCOWNER "PCOWNER" true true false 1 Text 0 0,First,#,SantaCatalinas_USFS_1,PCOWNER,0,0;MSCPType "MSCPType" true true false 1 Text 0 0,First,#,SantaCatalinas_USFS_1,MSCPType,0,0;RCType "RCType" true true false 1 Text 0 0,First,#,SantaCatalinas_USFS_1,RCType,0,0;ShapeSTAre "ShapeSTAre" true true false 8 Double 0 0,First,#,SantaCatalinas_USFS_1,ShapeSTAre,-1,-1;ShapeSTLen "ShapeSTLen" true true false 8 Double 0 0,First,#,SantaCatalinas_USFS_1,ShapeSTLen,-1,-1;Shape_Length "Shape_Length" false true true 8 Double 0 0,First,#,SantaCatalinas_USFS_1,Shape_Length,-1,-1;Shape_Area "Shape_Area" false true true 8 Double 0 0,First,#,SantaCatalinas_USFS_1,Shape_Area,-1,-1" #</Process></lineage></DataProperties><SyncDate>20250505</SyncDate><SyncTime>09575500</SyncTime><ModDate>20250505</ModDate><ModTime>09575500</ModTime></Esri><dataIdInfo><envirDesc Sync="TRUE">Microsoft Windows 10 Version 10.0 (Build 19045) ; Esri ArcGIS 13.3.0.52636</envirDesc><dataLang><languageCode value="eng" Sync="TRUE"></languageCode><countryCode value="USA" Sync="TRUE"></countryCode></dataLang><idCitation><resTitle Sync="TRUE">USFS_SantaCatalinas</resTitle><presForm><PresFormCd value="005" Sync="TRUE"></PresFormCd></presForm></idCitation><spatRpType><SpatRepTypCd value="001" Sync="TRUE"></SpatRepTypCd></spatRpType></dataIdInfo><mdLang><languageCode value="eng" Sync="TRUE"></languageCode><countryCode value="USA" Sync="TRUE"></countryCode></mdLang><distInfo><distFormat><formatName Sync="TRUE">Shapefile</formatName></distFormat><distTranOps><transSize Sync="TRUE">0.000</transSize></distTranOps></distInfo><mdHrLv><ScopeCd value="005" Sync="TRUE"></ScopeCd></mdHrLv><mdHrLvName Sync="TRUE">dataset</mdHrLvName><refSysInfo><RefSystem><refSysID><identCode code="2868" Sync="TRUE"></identCode><idCodeSpace Sync="TRUE">EPSG</idCodeSpace><idVersion Sync="TRUE">6.3(9.0.0)</idVersion></refSysID></RefSystem></refSysInfo><spatRepInfo><VectSpatRep><geometObjs Name="USFS_SantaCatalinas"><geoObjTyp><GeoObjTypCd value="002" Sync="TRUE"></GeoObjTypCd></geoObjTyp><geoObjCnt Sync="TRUE">0</geoObjCnt></geometObjs><topLvl><TopoLevCd value="001" Sync="TRUE"></TopoLevCd></topLvl></VectSpatRep></spatRepInfo><spdoinfo><ptvctinf><esriterm Name="USFS_SantaCatalinas"><efeatyp Sync="TRUE">Simple</efeatyp><efeageom code="4" Sync="TRUE"></efeageom><esritopo Sync="TRUE">FALSE</esritopo><efeacnt Sync="TRUE">0</efeacnt><spindex Sync="TRUE">FALSE</spindex><linrefer Sync="TRUE">FALSE</linrefer></esriterm></ptvctinf></spdoinfo><eainfo><detailed Name="USFS_SantaCatalinas"><enttyp><enttypl Sync="TRUE">USFS_SantaCatalinas</enttypl><enttypt Sync="TRUE">Feature Class</enttypt><enttypc Sync="TRUE">0</enttypc></enttyp><attr><attrlabl Sync="TRUE">FID</attrlabl><attalias Sync="TRUE">FID</attalias><attrtype Sync="TRUE">OID</attrtype><attwidth Sync="TRUE">4</attwidth><atprecis Sync="TRUE">0</atprecis><attscale Sync="TRUE">0</attscale><attrdef Sync="TRUE">Internal feature number.</attrdef><attrdefs Sync="TRUE">Esri</attrdefs><attrdomv><udom Sync="TRUE">Sequential unique whole numbers that are automatically generated.</udom></attrdomv></attr><attr><attrlabl Sync="TRUE">Shape</attrlabl><attalias Sync="TRUE">Shape</attalias><attrtype Sync="TRUE">Geometry</attrtype><attwidth Sync="TRUE">0</attwidth><atprecis Sync="TRUE">0</atprecis><attscale Sync="TRUE">0</attscale><attrdef Sync="TRUE">Feature geometry.</attrdef><attrdefs Sync="TRUE">Esri</attrdefs><attrdomv><udom Sync="TRUE">Coordinates defining the features.</udom></attrdomv></attr><attr><attrlabl Sync="TRUE">OBJECTID_1</attrlabl><attalias Sync="TRUE">OBJECTID_1</attalias><attrtype Sync="TRUE">Integer</attrtype><attwidth Sync="TRUE">5</attwidth><atprecis Sync="TRUE">5</atprecis><attscale Sync="TRUE">0</attscale></attr><attr><attrlabl Sync="TRUE">PARCEL</attrlabl><attalias Sync="TRUE">PARCEL</attalias><attrtype Sync="TRUE">String</attrtype><attwidth Sync="TRUE">24</attwidth><atprecis Sync="TRUE">0</atprecis><attscale Sync="TRUE">0</attscale></attr><attr><attrlabl Sync="TRUE">PARCEL_OLD</attrlabl><attalias Sync="TRUE">PARCEL_OLD</attalias><attrtype Sync="TRUE">String</attrtype><attwidth Sync="TRUE">9</attwidth><atprecis Sync="TRUE">0</atprecis><attscale Sync="TRUE">0</attscale></attr><attr><attrlabl Sync="TRUE">OWNER</attrlabl><attalias Sync="TRUE">OWNER</attalias><attrtype Sync="TRUE">String</attrtype><attwidth Sync="TRUE">47</attwidth><atprecis Sync="TRUE">0</atprecis><attscale Sync="TRUE">0</attscale></attr><attr><attrlabl Sync="TRUE">MANAGED</attrlabl><attalias Sync="TRUE">MANAGED</attalias><attrtype Sync="TRUE">String</attrtype><attwidth Sync="TRUE">44</attwidth><atprecis Sync="TRUE">0</atprecis><attscale Sync="TRUE">0</attscale></attr><attr><attrlabl Sync="TRUE">DEPT</attrlabl><attalias Sync="TRUE">DEPT</attalias><attrtype Sync="TRUE">String</attrtype><attwidth Sync="TRUE">23</attwidth><atprecis Sync="TRUE">0</atprecis><attscale Sync="TRUE">0</attscale></attr><attr><attrlabl Sync="TRUE">ONAME1</attrlabl><attalias Sync="TRUE">ONAME1</attalias><attrtype Sync="TRUE">String</attrtype><attwidth Sync="TRUE">61</attwidth><atprecis Sync="TRUE">0</atprecis><attscale Sync="TRUE">0</attscale></attr><attr><attrlabl Sync="TRUE">ONAME2</attrlabl><attalias Sync="TRUE">ONAME2</attalias><attrtype Sync="TRUE">String</attrtype><attwidth Sync="TRUE">50</attwidth><atprecis Sync="TRUE">0</atprecis><attscale Sync="TRUE">0</attscale></attr><attr><attrlabl Sync="TRUE">ONAME3</attrlabl><attalias Sync="TRUE">ONAME3</attalias><attrtype Sync="TRUE">String</attrtype><attwidth Sync="TRUE">33</attwidth><atprecis Sync="TRUE">0</atprecis><attscale Sync="TRUE">0</attscale></attr><attr><attrlabl Sync="TRUE">ONAME4</attrlabl><attalias Sync="TRUE">ONAME4</attalias><attrtype Sync="TRUE">String</attrtype><attwidth Sync="TRUE">100</attwidth><atprecis Sync="TRUE">0</atprecis><attscale Sync="TRUE">0</attscale></attr><attr><attrlabl Sync="TRUE">ONAME5</attrlabl><attalias Sync="TRUE">ONAME5</attalias><attrtype Sync="TRUE">String</attrtype><attwidth Sync="TRUE">43</attwidth><atprecis Sync="TRUE">0</atprecis><attscale Sync="TRUE">0</attscale></attr><attr><attrlabl Sync="TRUE">STATUS</attrlabl><attalias Sync="TRUE">STATUS</attalias><attrtype Sync="TRUE">String</attrtype><attwidth Sync="TRUE">33</attwidth><atprecis Sync="TRUE">0</atprecis><attscale Sync="TRUE">0</attscale></attr><attr><attrlabl Sync="TRUE">GAP</attrlabl><attalias Sync="TRUE">GAP</attalias><attrtype Sync="TRUE">String</attrtype><attwidth Sync="TRUE">2</attwidth><atprecis Sync="TRUE">0</atprecis><attscale Sync="TRUE">0</attscale></attr><attr><attrlabl Sync="TRUE">MGMT_PLAN</attrlabl><attalias Sync="TRUE">MGMT_PLAN</attalias><attrtype Sync="TRUE">String</attrtype><attwidth Sync="TRUE">59</attwidth><atprecis Sync="TRUE">0</atprecis><attscale Sync="TRUE">0</attscale></attr><attr><attrlabl Sync="TRUE">ACQDATE</attrlabl><attalias Sync="TRUE">ACQDATE</attalias><attrtype Sync="TRUE">String</attrtype><attwidth Sync="TRUE">9</attwidth><atprecis Sync="TRUE">0</atprecis><attscale Sync="TRUE">0</attscale></attr><attr><attrlabl Sync="TRUE">BOND</attrlabl><attalias Sync="TRUE">BOND</attalias><attrtype Sync="TRUE">String</attrtype><attwidth Sync="TRUE">9</attwidth><atprecis Sync="TRUE">0</atprecis><attscale Sync="TRUE">0</attscale></attr><attr><attrlabl Sync="TRUE">FUNDS1</attrlabl><attalias Sync="TRUE">FUNDS1</attalias><attrtype Sync="TRUE">String</attrtype><attwidth Sync="TRUE">21</attwidth><atprecis Sync="TRUE">0</atprecis><attscale Sync="TRUE">0</attscale></attr><attr><attrlabl Sync="TRUE">FUNDS2</attrlabl><attalias Sync="TRUE">FUNDS2</attalias><attrtype Sync="TRUE">String</attrtype><attwidth Sync="TRUE">27</attwidth><atprecis Sync="TRUE">0</atprecis><attscale Sync="TRUE">0</attscale></attr><attr><attrlabl Sync="TRUE">COMIT_MSCP</attrlabl><attalias Sync="TRUE">COMIT_MSCP</attalias><attrtype Sync="TRUE">String</attrtype><attwidth Sync="TRUE">3</attwidth><atprecis Sync="TRUE">0</atprecis><attscale Sync="TRUE">0</attscale></attr><attr><attrlabl Sync="TRUE">SOURCE</attrlabl><attalias Sync="TRUE">SOURCE</attalias><attrtype Sync="TRUE">String</attrtype><attwidth Sync="TRUE">13</attwidth><atprecis Sync="TRUE">0</atprecis><attscale Sync="TRUE">0</attscale></attr><attr><attrlabl Sync="TRUE">RECEIVE</attrlabl><attalias Sync="TRUE">RECEIVE</attalias><attrtype Sync="TRUE">String</attrtype><attwidth Sync="TRUE">8</attwidth><atprecis Sync="TRUE">0</atprecis><attscale Sync="TRUE">0</attscale></attr><attr><attrlabl Sync="TRUE">COUNTY</attrlabl><attalias Sync="TRUE">COUNTY</attalias><attrtype Sync="TRUE">String</attrtype><attwidth Sync="TRUE">20</attwidth><atprecis Sync="TRUE">0</atprecis><attscale Sync="TRUE">0</attscale></attr><attr><attrlabl Sync="TRUE">ATLAS</attrlabl><attalias Sync="TRUE">ATLAS</attalias><attrtype Sync="TRUE">String</attrtype><attwidth Sync="TRUE">14</attwidth><atprecis Sync="TRUE">0</atprecis><attscale Sync="TRUE">0</attscale></attr><attr><attrlabl Sync="TRUE">CLS_STATUS</attrlabl><attalias Sync="TRUE">CLS_STATUS</attalias><attrtype Sync="TRUE">String</attrtype><attwidth Sync="TRUE">12</attwidth><atprecis Sync="TRUE">0</atprecis><attscale Sync="TRUE">0</attscale></attr><attr><attrlabl Sync="TRUE">AOLTBNDY</attrlabl><attalias Sync="TRUE">AOLTBNDY</attalias><attrtype Sync="TRUE">String</attrtype><attwidth Sync="TRUE">19</attwidth><atprecis Sync="TRUE">0</atprecis><attscale Sync="TRUE">0</attscale></attr><attr><attrlabl Sync="TRUE">SDCP_BND</attrlabl><attalias Sync="TRUE">SDCP_BND</attalias><attrtype Sync="TRUE">String</attrtype><attwidth Sync="TRUE">19</attwidth><atprecis Sync="TRUE">0</atprecis><attscale Sync="TRUE">0</attscale></attr><attr><attrlabl Sync="TRUE">ACRES_GIS</attrlabl><attalias Sync="TRUE">ACRES_GIS</attalias><attrtype Sync="TRUE">Double</attrtype><attwidth Sync="TRUE">19</attwidth><atprecis Sync="TRUE">0</atprecis><attscale Sync="TRUE">0</attscale></attr><attr><attrlabl Sync="TRUE">EDITOR_NAM</attrlabl><attalias Sync="TRUE">EDITOR_NAM</attalias><attrtype Sync="TRUE">String</attrtype><attwidth Sync="TRUE">35</attwidth><atprecis Sync="TRUE">0</atprecis><attscale Sync="TRUE">0</attscale></attr><attr><attrlabl Sync="TRUE">EDIT_DATE</attrlabl><attalias Sync="TRUE">EDIT_DATE</attalias><attrtype Sync="TRUE">Date</attrtype><attwidth Sync="TRUE">8</attwidth><atprecis Sync="TRUE">0</atprecis><attscale Sync="TRUE">0</attscale></attr><attr><attrlabl Sync="TRUE">GlobalID</attrlabl><attalias Sync="TRUE">GlobalID</attalias><attrtype Sync="TRUE">String</attrtype><attwidth Sync="TRUE">38</attwidth><atprecis Sync="TRUE">0</atprecis><attscale Sync="TRUE">0</attscale></attr><attr><attrlabl Sync="TRUE">PropType</attrlabl><attalias Sync="TRUE">PropType</attalias><attrtype Sync="TRUE">String</attrtype><attwidth Sync="TRUE">35</attwidth><atprecis Sync="TRUE">0</atprecis><attscale Sync="TRUE">0</attscale></attr><attr><attrlabl Sync="TRUE">MSCP</attrlabl><attalias Sync="TRUE">MSCP</attalias><attrtype Sync="TRUE">String</attrtype><attwidth Sync="TRUE">1</attwidth><atprecis Sync="TRUE">0</atprecis><attscale Sync="TRUE">0</attscale></attr><attr><attrlabl Sync="TRUE">Sec10Mit</attrlabl><attalias Sync="TRUE">Sec10Mit</attalias><attrtype Sync="TRUE">String</attrtype><attwidth Sync="TRUE">1</attwidth><atprecis Sync="TRUE">0</atprecis><attscale Sync="TRUE">0</attscale></attr><attr><attrlabl Sync="TRUE">PCOWNER</attrlabl><attalias Sync="TRUE">PCOWNER</attalias><attrtype Sync="TRUE">String</attrtype><attwidth Sync="TRUE">1</attwidth><atprecis Sync="TRUE">0</atprecis><attscale Sync="TRUE">0</attscale></attr><attr><attrlabl Sync="TRUE">MSCPType</attrlabl><attalias Sync="TRUE">MSCPType</attalias><attrtype Sync="TRUE">String</attrtype><attwidth Sync="TRUE">1</attwidth><atprecis Sync="TRUE">0</atprecis><attscale Sync="TRUE">0</attscale></attr><attr><attrlabl Sync="TRUE">RCType</attrlabl><attalias Sync="TRUE">RCType</attalias><attrtype Sync="TRUE">String</attrtype><attwidth Sync="TRUE">1</attwidth><atprecis Sync="TRUE">0</atprecis><attscale Sync="TRUE">0</attscale></attr><attr><attrlabl Sync="TRUE">ShapeSTAre</attrlabl><attalias Sync="TRUE">ShapeSTAre</attalias><attrtype Sync="TRUE">Double</attrtype><attwidth Sync="TRUE">19</attwidth><atprecis Sync="TRUE">0</atprecis><attscale Sync="TRUE">0</attscale></attr><attr><attrlabl Sync="TRUE">ShapeSTLen</attrlabl><attalias Sync="TRUE">ShapeSTLen</attalias><attrtype Sync="TRUE">Double</attrtype><attwidth Sync="TRUE">19</attwidth><atprecis Sync="TRUE">0</atprecis><attscale Sync="TRUE">0</attscale></attr><attr><attrlabl Sync="TRUE">Shape_Leng</attrlabl><attalias Sync="TRUE">Shape_Leng</attalias><attrtype Sync="TRUE">Double</attrtype><attwidth Sync="TRUE">19</attwidth><atprecis Sync="TRUE">0</atprecis><attscale Sync="TRUE">0</attscale></attr><attr><attrlabl Sync="TRUE">Shape_Area</attrlabl><attalias Sync="TRUE">Shape_Area</attalias><attrtype Sync="TRUE">Double</attrtype><attwidth Sync="TRUE">19</attwidth><atprecis Sync="TRUE">0</atprecis><attscale Sync="TRUE">0</attscale><attrdef Sync="TRUE">Area of feature in internal units squared.</attrdef><attrdefs Sync="TRUE">Esri</attrdefs><attrdomv><udom Sync="TRUE">Positive real numbers that are automatically generated.</udom></attrdomv></attr></detailed></eainfo><mdDateSt Sync="TRUE">20250505</mdDateSt></metadata>
