<?xml version="1.0"?>
<metadata>
	<idinfo>
		<citation>
			<citeinfo>
				<origin>Arizona State Land Department, Arizona Land Resources Information System</origin>
				<pubdate>1993</pubdate>
				<title>Major Rivers, Main Stem, Primary &amp; Secondary Tributaries</title>
				<geoform>vector digital data</geoform>
				<pubinfo>
					<pubplace>Phoenix, Arizona</pubplace>
					<publish>Arizona State Land Department, Arizona Land Resources Information System</publish>
				</pubinfo>
				<ftname>CO4</ftname>
				<onlink>\\mainlib\data1\Teams\RSS\RSS Shared\AZ Geospatial Data Maps\Migration to UAiR\Exported Shapefiles\Major River, Main Stem, Primary &amp; Secondary Tribs@\CO4.shp</onlink>
			</citeinfo>
		</citation>
		<descript>
			<abstract>Data layer depicts all rivers and streams.  Converted in the fall of 1988 from USGS 1:100,000 scale DLG data to ARC format.  Since then, multiple and extensive corrections have taken place.  Early on, several Arizona agencies were part of rectification including: attributes, features, edgematching and the re-tiling of the data into the USGS Hydrologic Unit Code (HUC) library tiling format.  The Environmental Protection Agency (EPA) has since added critical attributes to the Arizona database, including: A nationally recognized management link code (the Reach Id), names, and hydrologic information.  Arizona has enhanced the theme further by adding ergonomic Descriptive Attribute Codes, Cartographic Order, more Names, and intense Quality Assurance Controls.</abstract>
			<purpose>
The data are created to serve as base information for use in GIS systems for a variety of planning and analysis purposes.
These data do not represent a legal record.
</purpose>
			<langdata>en</langdata>
		</descript>
		<timeperd>
			<timeinfo>
				<sngdate>
					<caldate>1993</caldate>
				</sngdate>
			</timeinfo>
			<current>publication date</current>
		</timeperd>
		<status>
			<progress>Complete</progress>
			<update>None planned</update>
		</status>
		<spdom>
			<bounding>
				<westbc>-115.028025</westbc>
				<eastbc>-108.916975</eastbc>
				<northbc>37.040229</northbc>
				<southbc>31.278422</southbc>
			</bounding>
			<lboundng>
				<leftbc>141387.623550</leftbc>
				<rightbc>685297.457154</rightbc>
				<bottombc>3466583.629935</bottombc>
				<topbc>4099335.170145</topbc>
			</lboundng>
		</spdom>
		<keywords>
			<theme>
				<themekt>None</themekt>
				<themekey>hydrography</themekey>
				<themekey>perennial waters</themekey>
				<themekey>streams</themekey>
			</theme>
			<place>
				<placekt>None</placekt>
				<placekey>Arizona</placekey>
				<placekey>AZ</placekey>
				<placekey>USA</placekey>
			</place>
		</keywords>
		<accconst>Access is granted to public agencies, educational institutions, non-profit organizations and private individuals for non-commercial purpose.  For commercial use of the data see Arizona Revised Statutes 39-121.03</accconst>
		<useconst>The Arizona State Land Department makes no warranties, implied or expressed, with respect to the accuracy of and the use of this data for any specific purpose. Users are required to make their own assessment of the data for any specific use.</useconst>
		<ptcontac>
			<cntinfo>
				<cntorgp>
					<cntorg>Arizona State Land Department, Arizona Land Resources Information System</cntorg>
					<cntper>GIS Data Transfer Specialist</cntper>
				</cntorgp>
				<cntaddr>
					<addrtype>mailing and physical address</addrtype>
					<address>1616 West Adams</address>
					<city>Phoenix</city>
					<state>Arizona</state>
					<postal>85007</postal>
					<country>USA</country>
				</cntaddr>
				<cntvoice>(602) 542-4094</cntvoice>
				<cntfax>(602) 542-2600</cntfax>
				<cntemail>gisdata@lnd.state.az.us</cntemail>
				<hours>Monday-Friday, 8 AM - 5 PM, Mountain Standard Time</hours>
			</cntinfo>
		</ptcontac>
		<natvform>Shapefile</natvform>
		<native>Microsoft Windows XP Version 5.1 (Build 2600) Service Pack 3; ESRI ArcCatalog 9.3.1.3000</native>
	</idinfo>
	<dataqual>
		<attracc>
			<attraccr>UNKNOWN</attraccr>
		</attracc>
		<posacc>
			<horizpa>
				<horizpar>Approximate horizontal accuracy is 12 meters, assuming source data meets National Map Accuracy Standards.</horizpar>
			</horizpa>
			<vertacc>
				<vertaccr>UNKNOWN</vertaccr>
			</vertacc>
		</posacc>
		<lineage>
			<srcinfo>
				<srccite>
					<citeinfo>
						<origin>AZHYDRO GIS cover from ALRIS</origin>
						<pubdate>Unpublished material</pubdate>
						<title>Ephemeral and Perennial Streams in Arizona</title>
						<geoform>map</geoform>
						<pubinfo>
							<pubplace>Phoenix, AZ</pubplace>
							<publish>Arizona State Land Department, Arizona Land Resources Information System</publish>
						</pubinfo>
					</citeinfo>
				</srccite>
				<srcscale>100000</srcscale>
				<typesrc>paper</typesrc>
				<srctime>
					<timeinfo>
						<sngdate>
							<caldate>unknown</caldate>
						</sngdate>
					</timeinfo>
					<srccurr>Unknown</srccurr>
				</srctime>
				<srccitea>A1</srccitea>
				<srccontr>Converted in the fall of 1988 from USGS 1:100,000 scale DLG data to ARC format.  Since then, multiple and extensive corrections have taken place.  Early on, several Arizona agencies were part of rectification including: attributes, features, edgematching and the re-tiling of the data into the USGS Hydrologic Unit Code (HUC) library tiling format.  The Environmental Protection Agency (EPA) has since added critical attributes to the Arizona database, including: A nationally recognized management link code (the Reach Id), names, and hydrologic information.  Arizona has enhanced the theme further by adding ergonomic Descriptive Attribute Codes, Cartographic Order, more Names, and intense Quality Assurance Controls.</srccontr>
			</srcinfo>
			<procstep>
				<procdesc>Digitize paper maps to create data. Perennial waters were described by many specialists in the study of hydrology on quad maps and digitized. There was no ground-truthing done to verify accuracy.</procdesc>
				<srcused>A1</srcused>
				<procdate>1993</procdate>
			</procstep>
			<procstep>
				<procdesc>Dataset copied.</procdesc>
				<date>20031211</date>
				<time>10283400</time>
			</procstep>
			<procstep>
				<procdesc>Dataset copied.</procdesc>
				<date>20050623</date>
				<time>12580300</time>
			</procstep>
			<procstep>
				<procdesc>Dataset copied.</procdesc>
				<srcused>Server=150.135.45.64; Service=5151; Database=AZ01; User=az; Version=SDE.DEFAULT</srcused>
				<date>20060815</date>
				<time>13493200</time>
			</procstep>
		</lineage>
	</dataqual>
	<spdoinfo>
		<direct>Vector</direct>
		<ptvctinf><esriterm Name="CO4"><efeatyp Sync="TRUE">Simple</efeatyp><efeageom code="3" Sync="TRUE"></efeageom><esritopo Sync="TRUE">FALSE</esritopo><efeacnt Sync="TRUE">26069</efeacnt><spindex Sync="TRUE">TRUE</spindex><linrefer Sync="TRUE">FALSE</linrefer></esriterm></ptvctinf></spdoinfo>
	<spref>
		<horizsys>
			<planar>
				<planci>
					<plance>coordinate pair</plance>
					<coordrep>
						<absres>0.000000</absres>
						<ordres>0.000000</ordres>
					</coordrep>
					<plandu>meters</plandu>
				</planci>
			</planar>
			<geodetic>
				<horizdn>North American Datum of 1983</horizdn>
				<ellips>Geodetic Reference System 80</ellips>
				<semiaxis>6378137.000000</semiaxis>
				<denflat>298.257222</denflat>
			</geodetic>
			<cordsysn>
				<geogcsn>GCS_North_American_1983</geogcsn>
				<projcsn>NAD_1983_UTM_Zone_12N</projcsn>
			</cordsysn>
		</horizsys>
		<vertdef>
			<altsys>
				<altenc>Explicit elevation coordinate included with horizontal coordinates</altenc>
				<altres>1.000000</altres>
			</altsys>
		</vertdef>
	</spref>
	<eainfo>
		<detailed Name="CO4">
			<attr>
				<attrlabl Sync="TRUE">STREAMS_ID</attrlabl>
				<attalias Sync="TRUE">STREAMS_ID</attalias>
				<attrtype Sync="TRUE">Integer</attrtype>
				<attwidth Sync="TRUE">10</attwidth>
				<atprecis Sync="TRUE">10</atprecis><attscale Sync="TRUE">0</attscale></attr>
			<attr>
				<attrlabl Sync="TRUE">SHAPE_len</attrlabl>
				<attalias Sync="TRUE">FID</attalias>
				<attrtype Sync="TRUE">OID</attrtype>
				<attwidth Sync="TRUE">4</attwidth>
				<atprecis Sync="TRUE">0</atprecis><attscale Sync="TRUE">0</attscale><attrdef Sync="TRUE">Internal feature number.</attrdef><attrdefs Sync="TRUE">Esri</attrdefs><attrdomv><udom Sync="TRUE">Sequential unique whole numbers that are automatically generated.</udom></attrdomv></attr>
			<attr>
				<attrlabl Sync="TRUE">STREAMS_</attrlabl>
				<attalias Sync="TRUE">STREAMS_</attalias>
				<attrtype Sync="TRUE">Integer</attrtype>
				<attwidth Sync="TRUE">10</attwidth>
				<attrdef Sync="TRUE">Internal feature number.</attrdef>
				<attrdefs Sync="TRUE">ESRI</attrdefs>
				<attrdomv>
					<udom Sync="TRUE">Sequential unique whole numbers that are automatically generated.</udom>
				</attrdomv>
				<atprecis Sync="TRUE">10</atprecis><attscale Sync="TRUE">0</attscale></attr>
			<enttyp>
				<enttypl Sync="TRUE">CO4</enttypl>
				<enttypds>Arizona State Land Department, Arizona Land Resources Information System</enttypds>
				<enttypt Sync="TRUE">Feature Class</enttypt>
				<enttypc Sync="TRUE">26069</enttypc>
				<enttypd>Streams</enttypd>
			</enttyp>
			<attr>
				<attrlabl Sync="FALSE">Shape</attrlabl>
				<attrdef Sync="TRUE">Feature geometry.</attrdef>
				<attrdefs Sync="TRUE">ESRI</attrdefs>
				<attrdomv>
					<udom Sync="TRUE">Coordinates defining the features.</udom>
				</attrdomv>
				<attalias Sync="TRUE">LENGTH</attalias>
				<attrtype Sync="TRUE">Double</attrtype>
				<attwidth Sync="TRUE">15</attwidth>
				<atprecis Sync="TRUE">14</atprecis>
				<attscale Sync="TRUE">3</attscale>
			</attr>
			<attr>
				<attrlabl Sync="FALSE">LENGTH</attrlabl>
				<attrdef Sync="TRUE">Length of feature in internal units.</attrdef>
				<attrdefs Sync="TRUE">ESRI</attrdefs>
				<attrdomv>
					<udom Sync="TRUE">Positive real numbers that are automatically generated.</udom>
				</attrdomv>
				<attwidth Sync="TRUE">10</attwidth>
				<atoutwid Sync="TRUE">12</atoutwid>
				<attrtype Sync="TRUE">Integer</attrtype>
				<attalias Sync="TRUE">CU</attalias>
				<atprecis Sync="TRUE">10</atprecis><attscale Sync="TRUE">0</attscale></attr>
			<attr>
				<attrlabl Sync="FALSE">CU</attrlabl>
				<attrdef>USGS Cataloging Unit (4th order) of the HUC code</attrdef>
				<attwidth Sync="TRUE">10</attwidth>
				<atoutwid Sync="TRUE">8</atoutwid>
				<attrtype Sync="TRUE">Integer</attrtype>
				<attalias Sync="TRUE">SEG</attalias>
				<atprecis Sync="TRUE">10</atprecis><attscale Sync="TRUE">0</attscale></attr>
			<attr>
				<attrlabl Sync="FALSE">SEG</attrlabl>
				<attrdef>EPA River Segment</attrdef>
				<attwidth Sync="TRUE">19</attwidth>
				<atoutwid Sync="TRUE">4</atoutwid>
				<attrtype Sync="TRUE">Double</attrtype>
				<attalias Sync="TRUE">MILE</attalias>
				<atprecis Sync="TRUE">18</atprecis><attscale Sync="TRUE">3</attscale></attr>
			<attr>
				<attrlabl Sync="FALSE">MILE</attrlabl>
				<attrdef>Mile Index. Each SEG starts at 0.0 and increases with river mileage. NOTE: The MILE values were intended to but don't accurately reflect river mileage.</attrdef>
				<begdatea>1993</begdatea>
				<attwidth Sync="TRUE">10</attwidth>
				<atoutwid Sync="TRUE">5</atoutwid>
				<attrtype Sync="TRUE">Integer</attrtype>
				<attalias Sync="TRUE">PER</attalias>
				<atprecis Sync="TRUE">10</atprecis><attscale Sync="TRUE">0</attscale></attr>
			<attr>
				<attrlabl Sync="FALSE">PER</attrlabl>
				<attrdef>Perennial Code</attrdef>
				<attrdomv>
					<edom>
						<edomv>1</edomv>
						<edomvd>Intermittent</edomvd>
					</edom>
				</attrdomv>
				<attrdomv>
					<edom>
						<edomv>2</edomv>
						<edomvd>Perennial</edomvd>
					</edom>
				</attrdomv>
				<attwidth Sync="TRUE">10</attwidth>
				<atoutwid Sync="TRUE">1</atoutwid>
				<attrtype Sync="TRUE">Integer</attrtype>
				<attalias Sync="TRUE">DAF</attalias>
				<atprecis Sync="TRUE">10</atprecis><attscale Sync="TRUE">0</attscale></attr>
			<attr>
				<attrlabl Sync="FALSE">DAF</attrlabl>
				<attrdef>Descriptive Attribute Feature</attrdef>
				<attrdefs>USGS Digital Line Graph major-minor codes.</attrdefs>
				<attrdomv>
					<edom>
						<edomv>1</edomv>
						<edomvd>Natural Watercourse</edomvd>
					</edom>
				</attrdomv>
				<attrdomv>
					<edom>
						<edomv>2</edomv>
						<edomvd>Artificial Watercourse</edomvd>
					</edom>
				</attrdomv>
				<attrdomv>
					<edom>
						<edomv>3</edomv>
						<edomvd>Shoreline</edomvd>
					</edom>
				</attrdomv>
				<attrdomv>
					<edom>
						<edomv>4</edomv>
						<edomvd>Containment e.g. dams</edomvd>
					</edom>
				</attrdomv>
				<attrdomv>
					<edom>
						<edomv>5</edomv>
						<edomvd>Closure Lines</edomvd>
					</edom>
				</attrdomv>
				<attwidth Sync="TRUE">8</attwidth>
				<atoutwid Sync="TRUE">1</atoutwid>
				<attrtype Sync="TRUE">String</attrtype>
				<attalias Sync="TRUE">DATNAME</attalias>
				<atprecis Sync="TRUE">0</atprecis><attscale Sync="TRUE">0</attscale></attr>
			<attr>
				<attrlabl Sync="FALSE">DATNAME</attrlabl>
				<attrdef>Descriptive Attribute Type Name</attrdef>
				<attrdefs>USGS Digital Line Graph major-minor codes.</attrdefs>
				<attwidth Sync="TRUE">10</attwidth>
				<atoutwid Sync="TRUE">8</atoutwid>
				<attrtype Sync="TRUE">Integer</attrtype>
				<attalias Sync="TRUE">CO</attalias>
				<atprecis Sync="TRUE">10</atprecis><attscale Sync="TRUE">0</attscale></attr>
			<attr>
				<attrlabl Sync="FALSE">CO</attrlabl>
				<attrdef>Cartographic Order.  For cartographic filtering, not a stream order.</attrdef>
				<attrdomv>
					<edom>
						<edomv>1</edomv>
						<edomvd>Arizona's major rivers: Colorado, Verde, Salt, Gila, etc.</edomvd>
					</edom>
				</attrdomv>
				<attrdomv>
					<edom>
						<edomv>2</edomv>
						<edomvd>The main stem of each CU (drainage basin)</edomvd>
					</edom>
				</attrdomv>
				<attrdomv>
					<edom>
						<edomv>3</edomv>
						<edomvd>All Reach File 1 streams.</edomvd>
					</edom>
				</attrdomv>
				<attrdomv>
					<edom>
						<edomv>4</edomv>
						<edomvd>All Reach File 2 streams and streams with names.</edomvd>
					</edom>
				</attrdomv>
				<attrdomv>
					<edom>
						<edomv>5</edomv>
						<edomvd>The remaining balance of streams.</edomvd>
					</edom>
				</attrdomv>
				<attwidth Sync="TRUE">30</attwidth>
				<atoutwid Sync="TRUE">1</atoutwid>
				<attrtype Sync="TRUE">String</attrtype>
				<attalias Sync="TRUE">NAME</attalias>
				<atprecis Sync="TRUE">0</atprecis><attscale Sync="TRUE">0</attscale></attr>
			<attr>
				<attrlabl Sync="FALSE">NAME</attrlabl>
				<attrdef>Stream Name</attrdef>
				<attrdefs>EPA, TIGER, and USGS quads</attrdefs>
				<attwidth Sync="TRUE">10</attwidth>
				<atoutwid Sync="TRUE">30</atoutwid>
				<attrtype Sync="TRUE">Integer</attrtype>
				<attalias Sync="TRUE">CLASS</attalias>
				<atprecis Sync="TRUE">10</atprecis><attscale Sync="TRUE">0</attscale></attr>
			<attr>
				<attrlabl Sync="FALSE">CLASS</attrlabl>
				<attrdef>Field added by ALRIS personnel for legend classification purposes.</attrdef>
				<attwidth Sync="TRUE">10</attwidth>
				<atoutwid Sync="TRUE">2</atoutwid>
				<attrtype Sync="TRUE">Integer</attrtype>
				<attalias Sync="TRUE">FNODE_</attalias>
				<atprecis Sync="TRUE">10</atprecis><attscale Sync="TRUE">0</attscale></attr>
			<attr>
				<attrlabl Sync="TRUE">FNODE_</attrlabl>
				<attalias Sync="TRUE">TNODE_</attalias>
				<attrtype Sync="TRUE">Integer</attrtype>
				<attwidth Sync="TRUE">10</attwidth>
				<atprecis Sync="TRUE">10</atprecis><attscale Sync="TRUE">0</attscale></attr>
			<attr>
				<attrlabl Sync="TRUE">TNODE_</attrlabl>
				<attalias Sync="TRUE">LPOLY_</attalias>
				<attrtype Sync="TRUE">Integer</attrtype>
				<attwidth Sync="TRUE">10</attwidth>
				<atprecis Sync="TRUE">10</atprecis><attscale Sync="TRUE">0</attscale></attr>
			<attr>
				<attrlabl Sync="TRUE">LPOLY_</attrlabl>
				<attalias Sync="TRUE">RPOLY_</attalias>
				<attrtype Sync="TRUE">Integer</attrtype>
				<attwidth Sync="TRUE">10</attwidth>
				<atprecis Sync="TRUE">10</atprecis><attscale Sync="TRUE">0</attscale></attr>
			<attr>
				<attrlabl Sync="TRUE">RPOLY_</attrlabl>
				<attalias Sync="TRUE">Shape</attalias>
				<attrtype Sync="TRUE">Geometry</attrtype>
				<attwidth Sync="TRUE">0</attwidth>
				<attrdef Sync="TRUE">Internal feature number.</attrdef>
				<attrdefs Sync="TRUE">ESRI</attrdefs>
				<attrdomv>
					<udom Sync="TRUE">Sequential unique whole numbers that are automatically generated.</udom>
				</attrdomv>
				<atprecis Sync="TRUE">0</atprecis><attscale Sync="TRUE">0</attscale></attr>
			<attr>
				<attrlabl Sync="TRUE">SHAPE</attrlabl>
				<attalias Sync="TRUE">SHAPE_len</attalias>
				<attrtype Sync="TRUE">Double</attrtype>
				<attwidth Sync="TRUE">19</attwidth>
				<atprecis Sync="TRUE">0</atprecis>
				<attscale Sync="TRUE">0</attscale>
				<attrdef Sync="TRUE">Feature geometry.</attrdef>
				<attrdefs Sync="TRUE">ESRI</attrdefs>
				<attrdomv>
					<udom Sync="TRUE">Coordinates defining the features.</udom>
				</attrdomv>
			</attr>
		</detailed>
	</eainfo>
	<distinfo>
		<distrib>
			<cntinfo>
				<cntorgp>
					<cntorg>Arizona State Land Department, Arizona Land Resources Information System</cntorg>
					<cntper>GIS Data Transfer Specialist</cntper>
				</cntorgp>
				<cntaddr>
					<addrtype>mailing and physical address</addrtype>
					<address>1616 West Adams</address>
					<city>Phoenix</city>
					<state>Arizona</state>
					<postal>85007</postal>
					<country>USA</country>
				</cntaddr>
				<cntvoice>(602) 542-4094</cntvoice>
				<cntfax>(602) 542-2600</cntfax>
				<cntemail>gisdata@lnd.state.az.us</cntemail>
				<hours>Monday-Friday, 8 AM - 5 PM, Mountain Standard Time</hours>
			</cntinfo>
		</distrib>
		<distliab>Users must assume responsibility to determine the usability of this data for their purposes.</distliab>
		<stdorder>
			<digform>
				<digtinfo>
					<formname>GIS Compatible</formname>
					<transize>0.000</transize>
					<dssize>0.000</dssize>
				</digtinfo>
				<digtopt>
					<onlinopt>
						<computer>
							<networka>
								<networkr>&lt;http://www.land.state.az.us/index.html&gt;</networkr>
							</networka>
						</computer>
					</onlinopt>
					<offoptn>
						<offmedia>CD-ROM</offmedia>
					</offoptn>
				</digtopt>
				<digtopt>
					<offoptn>
						<offmedia>CD-ROM</offmedia>
					</offoptn>
				</digtopt>
			</digform>
			<fees>Public agencies can utilize the data for cost of media only and no charge for internet downloads. Commercial entities can obtain a cost waiver for contract work for public agencies. Fees will be assessed for purely commercial use of the data.</fees>
			<ordering>Contact GIS Data Transfer Specialist for product information and ordering instructions.</ordering>
		</stdorder>
		<techpreq>ESRI software or software compatible with ESRI file formats</techpreq>
		<resdesc>N/A</resdesc>
	</distinfo>
	<metainfo>
		<metd>20100407</metd>
		<metc>
			<cntinfo>
				<cntorgp>
					<cntorg>Arizona State Land Department, Arizona Land Resources Information System</cntorg>
					<cntper>GIS Data Transfer Specialist</cntper>
				</cntorgp>
				<cntaddr>
					<addrtype>mailing and physical address</addrtype>
					<address>1616 West Adams</address>
					<city>Phoenix</city>
					<state>Arizona</state>
					<postal>85007</postal>
					<country>USA</country>
				</cntaddr>
				<cntvoice>(602) 542-4094</cntvoice>
				<cntfax>(602) 542-2600</cntfax>
				<cntemail>gisdata@lnd.state.az.us</cntemail>
				<hours>Monday-Friday, 8 AM - 5 PM, Mountain Standard Time</hours>
			</cntinfo>
		</metc>
		<metstdn>FGDC Content Standards for Digital Geospatial Metadata</metstdn>
		<metstdv>FGDC-STD-001-1998</metstdv>
		<mettc>local time</mettc>
		<langmeta>en</langmeta>
		<metextns>
			<onlink>http://www.esri.com/metadata/esriprof80.html</onlink>
			<metprof>ESRI Metadata Profile</metprof>
		</metextns>
	</metainfo>
	<Esri>
		<CreaDate>20060815</CreaDate>
		<CreaTime>13493200</CreaTime>
		<SyncOnce>FALSE</SyncOnce>
		<SyncDate>20250310</SyncDate>
		<SyncTime>10573700</SyncTime>
		<ModDate>20250310</ModDate>
		<ModTime>10573700</ModTime>
		<Sync>FALSE</Sync>
		<DataProperties>
			<lineage>
				<Process ToolSource="C:\Program Files\ArcGIS\ArcToolbox\Toolboxes\Data Management Tools.tbx\CopyFeatures" Date="20050729" Time="092055">CopyFeatures D:\co4.shp "Database Connections\ALRIS @ geodata.sde\ALRIS.co4" # 0 0 0</Process>
				<Process ToolSource="C:\Program Files\ArcGIS\ArcToolbox\Toolboxes\Data Management Tools.tbx\CopyFeatures" Date="20081023" Time="090050">CopyFeatures "Database Connections\ALRIS - geodata2.library.arizona.edu.sde\ALRIS.co4" "Database Connections\ALRIS - geodata.library.arizona.edu.sde\atlas01.ALRIS.ALRIS_co4" # 0 0 0</Process>
				<Process ToolSource="C:\Program Files\ArcGIS\ArcToolbox\Toolboxes\Conversion Tools.tbx\FeatureClassToFeatureClass" Date="20100407" Time="151412">FeatureClassToFeatureClass "Database Connections\Connection to geodata.library.arizona.edu.sde\atlas01.ALRIS.co4" "Z:\Teams\RSS\RSS Shared\AZ Geospatial Data Maps\Migration to UAiR\Exported Shapefiles\Major River, Main Stem, Primary &amp; Secondary Tribs@" CO4.shp # "FNODE_ 'FNODE_' true true false 4 Long 0 10 ,First,#,Database Connections\Connection to geodata.library.arizona.edu.sde\atlas01.ALRIS.co4,FNODE_,-1,-1;TNODE_ 'TNODE_' true true false 4 Long 0 10 ,First,#,Database Connections\Connection to geodata.library.arizona.edu.sde\atlas01.ALRIS.co4,TNODE_,-1,-1;LPOLY_ 'LPOLY_' true true false 4 Long 0 10 ,First,#,Database Connections\Connection to geodata.library.arizona.edu.sde\atlas01.ALRIS.co4,LPOLY_,-1,-1;RPOLY_ 'RPOLY_' true true false 4 Long 0 10 ,First,#,Database Connections\Connection to geodata.library.arizona.edu.sde\atlas01.ALRIS.co4,RPOLY_,-1,-1;LENGTH 'LENGTH' true true false 8 Double 3 14 ,First,#,Database Connections\Connection to geodata.library.arizona.edu.sde\atlas01.ALRIS.co4,LENGTH,-1,-1;STREAMS_ 'STREAMS_' true true false 4 Long 0 10 ,First,#,Database Connections\Connection to geodata.library.arizona.edu.sde\atlas01.ALRIS.co4,STREAMS_,-1,-1;STREAMS_ID 'STREAMS_ID' true true false 4 Long 0 10 ,First,#,Database Connections\Connection to geodata.library.arizona.edu.sde\atlas01.ALRIS.co4,STREAMS_ID,-1,-1;CU 'CU' true true false 4 Long 0 10 ,First,#,Database Connections\Connection to geodata.library.arizona.edu.sde\atlas01.ALRIS.co4,CU,-1,-1;SEG 'SEG' true true false 4 Long 0 10 ,First,#,Database Connections\Connection to geodata.library.arizona.edu.sde\atlas01.ALRIS.co4,SEG,-1,-1;MILE 'MILE' true true false 8 Double 3 18 ,First,#,Database Connections\Connection to geodata.library.arizona.edu.sde\atlas01.ALRIS.co4,MILE,-1,-1;PER 'PER' true true false 4 Long 0 10 ,First,#,Database Connections\Connection to geodata.library.arizona.edu.sde\atlas01.ALRIS.co4,PER,-1,-1;DAF 'DAF' true true false 4 Long 0 10 ,First,#,Database Connections\Connection to geodata.library.arizona.edu.sde\atlas01.ALRIS.co4,DAF,-1,-1;DATNAME 'DATNAME' true true false 8 Text 0 0 ,First,#,Database Connections\Connection to geodata.library.arizona.edu.sde\atlas01.ALRIS.co4,DATNAME,-1,-1;CO 'CO' true true false 4 Long 0 10 ,First,#,Database Connections\Connection to geodata.library.arizona.edu.sde\atlas01.ALRIS.co4,CO,-1,-1;NAME 'NAME' true true false 30 Text 0 0 ,First,#,Database Connections\Connection to geodata.library.arizona.edu.sde\atlas01.ALRIS.co4,NAME,-1,-1;CLASS 'CLASS' true true false 4 Long 0 10 ,First,#,Database Connections\Connection to geodata.library.arizona.edu.sde\atlas01.ALRIS.co4,CLASS,-1,-1;SHAPE_len 'SHAPE_len' false false true 0 Double 0 0 ,First,#,Database Connections\Connection to geodata.library.arizona.edu.sde\atlas01.ALRIS.co4,SHAPE.len,-1,-1" # "Z:\Teams\RSS\RSS Shared\AZ Geospatial Data Maps\Migration to UAiR\Exported Shapefiles\Major River, Main Stem, Primary &amp; Secondary Tribs@\CO4.shp"</Process>
			</lineage>
			<itemProps><itemName Sync="TRUE">CO4</itemName><imsContentType Sync="TRUE">002</imsContentType><nativeExtBox><westBL Sync="TRUE">141387.623559</westBL><eastBL Sync="TRUE">685297.457218</eastBL><southBL Sync="TRUE">3466583.629943</southBL><northBL Sync="TRUE">4099335.170137</northBL><exTypeCode Sync="TRUE">1</exTypeCode></nativeExtBox><itemSize Sync="TRUE">12.057</itemSize><itemLocation><linkage Sync="TRUE">file://\\LBRY-Z00294\C$\GIS_Projects\UA\UAL\GeoBlacklight_Data\GeoBlacklight_Data\UAiR_data\Major River, Main Stem, Primary &amp; Secondary Tribs\CO4.shp</linkage><protocol Sync="TRUE">Local Area Network</protocol></itemLocation></itemProps><coordRef><type Sync="TRUE">Projected</type><geogcsn Sync="TRUE">GCS_North_American_1983</geogcsn><csUnits Sync="TRUE">Linear Unit: Meter (1.000000)</csUnits><projcsn Sync="TRUE">NAD_1983_UTM_Zone_12N</projcsn><peXml Sync="TRUE">&lt;ProjectedCoordinateSystem xsi:type='typens:ProjectedCoordinateSystem' xmlns:xsi='http://www.w3.org/2001/XMLSchema-instance' xmlns:xs='http://www.w3.org/2001/XMLSchema' xmlns:typens='http://www.esri.com/schemas/ArcGIS/3.3.0'&gt;&lt;WKT&gt;PROJCS[&amp;quot;NAD_1983_UTM_Zone_12N&amp;quot;,GEOGCS[&amp;quot;GCS_North_American_1983&amp;quot;,DATUM[&amp;quot;D_North_American_1983&amp;quot;,SPHEROID[&amp;quot;GRS_1980&amp;quot;,6378137.0,298.257222101]],PRIMEM[&amp;quot;Greenwich&amp;quot;,0.0],UNIT[&amp;quot;Degree&amp;quot;,0.0174532925199433]],PROJECTION[&amp;quot;Transverse_Mercator&amp;quot;],PARAMETER[&amp;quot;False_Easting&amp;quot;,500000.0],PARAMETER[&amp;quot;False_Northing&amp;quot;,0.0],PARAMETER[&amp;quot;Central_Meridian&amp;quot;,-111.0],PARAMETER[&amp;quot;Scale_Factor&amp;quot;,0.9996],PARAMETER[&amp;quot;Latitude_Of_Origin&amp;quot;,0.0],UNIT[&amp;quot;Meter&amp;quot;,1.0],AUTHORITY[&amp;quot;EPSG&amp;quot;,26912]]&lt;/WKT&gt;&lt;XOrigin&gt;-5120900&lt;/XOrigin&gt;&lt;YOrigin&gt;-9998100&lt;/YOrigin&gt;&lt;XYScale&gt;450445547.3910538&lt;/XYScale&gt;&lt;ZOrigin&gt;-100000&lt;/ZOrigin&gt;&lt;ZScale&gt;10000&lt;/ZScale&gt;&lt;MOrigin&gt;-100000&lt;/MOrigin&gt;&lt;MScale&gt;10000&lt;/MScale&gt;&lt;XYTolerance&gt;0.001&lt;/XYTolerance&gt;&lt;ZTolerance&gt;0.001&lt;/ZTolerance&gt;&lt;MTolerance&gt;0.001&lt;/MTolerance&gt;&lt;HighPrecision&gt;true&lt;/HighPrecision&gt;&lt;WKID&gt;26912&lt;/WKID&gt;&lt;LatestWKID&gt;26912&lt;/LatestWKID&gt;&lt;/ProjectedCoordinateSystem&gt;</peXml></coordRef></DataProperties>
		<ArcGISFormat>1.0</ArcGISFormat>
	</Esri>
	<mdLang>
		<languageCode value="eng">
		</languageCode>
		<countryCode value="USA" Sync="TRUE"></countryCode></mdLang>
	<mdChar>
		<CharSetCd value="004"/>
	</mdChar>
	<mdHrLv>
		<ScopeCd value="005"/>
	</mdHrLv>
	<mdContact>
		<rpIndName>GIS Data Transfer Specialist</rpIndName>
		<rpOrgName>Arizona State Land Department, Arizona Land Resources Information System</rpOrgName>
		<rpCntInfo>
			<cntPhone>
				<voiceNum>(602) 542-4094</voiceNum>
				<faxNum>(602) 542-2600</faxNum>
			</cntPhone>
			<cntAddress addressType="both">
				<delPoint>1616 West Adams</delPoint>
				<city>Phoenix</city>
				<adminArea>Arizona</adminArea>
				<postCode>85007</postCode>
				<country>US</country>
				<eMailAdd>gisdata@lnd.state.az.us</eMailAdd>
			</cntAddress>
			<cntHours>Monday-Friday, 8 AM - 5 PM, Mountain Standard Time</cntHours>
		</rpCntInfo>
		<role>
			<RoleCd value="007"/>
		</role>
	</mdContact>
	<mdDateSt>20100407</mdDateSt>
	<mdStanName>ArcGIS Metadata</mdStanName>
	<mdStanVer>1.0</mdStanVer>
	<distInfo>
		<distributor>
			<distorCont>
				<rpIndName>GIS Data Transfer Specialist</rpIndName>
				<rpOrgName>Arizona State Land Department, Arizona Land Resources Information System</rpOrgName>
				<rpCntInfo>
					<cntPhone>
						<voiceNum>(602) 542-4094</voiceNum>
						<faxNum>(602) 542-2600</faxNum>
					</cntPhone>
					<cntAddress addressType="both">
						<delPoint>1616 West Adams</delPoint>
						<city>Phoenix</city>
						<adminArea>Arizona</adminArea>
						<postCode>85007</postCode>
						<country>US</country>
						<eMailAdd>gisdata@lnd.state.az.us</eMailAdd>
					</cntAddress>
					<cntHours>Monday-Friday, 8 AM - 5 PM, Mountain Standard Time</cntHours>
				</rpCntInfo>
				<role>
					<RoleCd value="005"/>
				</role>
			</distorCont>
			<distorOrdPrc>
				<resFees>Public agencies can utilize the data for cost of media only and no charge for internet downloads. Commercial entities can obtain a cost waiver for contract work for public agencies. Fees will be assessed for purely commercial use of the data.</resFees>
				<ordInstr>Contact GIS Data Transfer Specialist for product information and ordering instructions.</ordInstr>
			</distorOrdPrc>
			<distorFormat>
				<formatName>GIS Compatible</formatName>
				<formatTech>ESRI software or software compatible with ESRI file formats</formatTech>
			</distorFormat>
			<distorTran>
				<transSize>0.000</transSize>
				<offLineMed>
					<medName>
						<MedNameCd value="001"/>
					</medName>
				</offLineMed>
			</distorTran>
			<distorTran>
				<transSize>0.000</transSize>
				<offLineMed>
					<medName>
						<MedNameCd value="001"/>
					</medName>
				</offLineMed>
			</distorTran>
			<distorTran>
				<transSize>0.000</transSize>
				<onLineSrc>
					<linkage>&lt;http://www.land.state.az.us/index.html&gt;</linkage>
				</onLineSrc>
			</distorTran>
		</distributor>
		<distTranOps>
			<onLineSrc>
				<linkage>\\mainlib\data1\Teams\RSS\RSS Shared\AZ Geospatial Data Maps\Migration to UAiR\Exported Shapefiles\Major River, Main Stem, Primary &amp; Secondary Tribs@\CO4.shp</linkage>
			</onLineSrc>
			<transSize Sync="TRUE">12.057</transSize></distTranOps>
		<distFormat><formatName Sync="TRUE">Shapefile</formatName></distFormat></distInfo>
	<dataIdInfo><idCitation><resTitle>Major Rivers, Main Stem, Primary &amp; Secondary Tributaries</resTitle><date><pubDate>1993</pubDate></date><citRespParty><rpOrgName>Arizona State Land Department, Arizona Land Resources Information System<!-- WARNING: translation from FGDC is ambiguous, this may require correction --></rpOrgName><role><RoleCd value="006"/></role></citRespParty><citRespParty><rpOrgName>Arizona State Land Department, Arizona Land Resources Information System<!-- WARNING: translation from FGDC is ambiguous, this may require correction --></rpOrgName><rpCntInfo><cntAddress><delPoint>Phoenix, Arizona<!-- WARNING: translation from FGDC is ambiguous, this may require correction --></delPoint></cntAddress></rpCntInfo><role><RoleCd value="010"/></role></citRespParty><presForm><PresFormCd value="005"/></presForm><presForm><fgdcGeoform>vector digital data</fgdcGeoform></presForm></idCitation><idAbs>Data layer depicts all rivers and streams.  Converted in the fall of 1988 from USGS 1:100,000 scale DLG data to ARC format.  Since then, multiple and extensive corrections have taken place.  Early on, several Arizona agencies were part of rectification including: attributes, features, edgematching and the re-tiling of the data into the USGS Hydrologic Unit Code (HUC) library tiling format.  The Environmental Protection Agency (EPA) has since added critical attributes to the Arizona database, including: A nationally recognized management link code (the Reach Id), names, and hydrologic information.  Arizona has enhanced the theme further by adding ergonomic Descriptive Attribute Codes, Cartographic Order, more Names, and intense Quality Assurance Controls.</idAbs><idPurp>
The data are created to serve as base information for use in GIS systems for a variety of planning and analysis purposes.
These data do not represent a legal record.
</idPurp><idStatus><ProgCd value="001"/></idStatus><idPoC><rpIndName>GIS Data Transfer Specialist</rpIndName><rpOrgName>Arizona State Land Department, Arizona Land Resources Information System</rpOrgName><rpCntInfo><cntPhone><voiceNum>(602) 542-4094</voiceNum><faxNum>(602) 542-2600</faxNum></cntPhone><cntAddress addressType="both"><delPoint>1616 West Adams</delPoint><city>Phoenix</city><adminArea>Arizona</adminArea><postCode>85007</postCode><country>US</country><eMailAdd>gisdata@lnd.state.az.us</eMailAdd></cntAddress><cntHours>Monday-Friday, 8 AM - 5 PM, Mountain Standard Time</cntHours></rpCntInfo><role><RoleCd value="007"/></role></idPoC><resMaint><maintFreq><MaintFreqCd value="011"/></maintFreq></resMaint><placeKeys><keyword>Arizona</keyword><keyword>AZ</keyword><keyword>USA</keyword></placeKeys><themeKeys><keyword>hydrography</keyword><keyword>perennial waters</keyword><keyword>streams</keyword></themeKeys><searchKeys><keyword>hydrography</keyword><keyword>perennial waters</keyword><keyword>streams</keyword><keyword>Arizona</keyword><keyword>AZ</keyword><keyword>USA</keyword></searchKeys><resConst><Consts><useLimit>The Arizona State Land Department makes no warranties, implied or expressed, with respect to the accuracy of and the use of this data for any specific purpose. Users are required to make their own assessment of the data for any specific use.</useLimit></Consts></resConst><resConst><LegConsts><useLimit>Users must assume responsibility to determine the usability of this data for their purposes.</useLimit><accessConsts><RestrictCd value="008"/></accessConsts><othConsts>Access is granted to public agencies, educational institutions, non-profit organizations and private individuals for non-commercial purpose.  For commercial use of the data see Arizona Revised Statutes 39-121.03</othConsts></LegConsts></resConst><spatRpType><SpatRepTypCd value="001"/></spatRpType><dataLang><languageCode value="eng"/><countryCode value="USA" Sync="TRUE"></countryCode></dataLang><tpCat><TopicCatCd value="012"/></tpCat><envirDesc>Microsoft Windows XP Version 5.1 (Build 2600) Service Pack 3; ESRI ArcCatalog 9.3.1.3000</envirDesc><dataExt><geoEle><GeoBndBox><exTypeCode>true</exTypeCode><westBL>-115.028025</westBL><eastBL>-108.916975</eastBL><northBL>37.040229</northBL><southBL>31.278422</southBL></GeoBndBox></geoEle></dataExt><dataExt><exDesc>publication date</exDesc><tempEle><TempExtent><exTemp><TM_Instant><tmPosition>1993</tmPosition></TM_Instant></exTemp></TempExtent></tempEle><geoEle/></dataExt><dataExt><geoEle><GeoBndBox esriExtentType="search"><exTypeCode Sync="TRUE">1</exTypeCode><westBL Sync="TRUE">-115.028025</westBL><eastBL Sync="TRUE">-108.916975</eastBL><northBL Sync="TRUE">37.040229</northBL><southBL Sync="TRUE">31.278422</southBL></GeoBndBox></geoEle></dataExt></dataIdInfo>
	<dqInfo>
		<dqScope>
			<scpLvl>
				<ScopeCd value="005"/>
			</scpLvl>
		</dqScope>
		<report type="DQQuanAttAcc">
			<measDesc>UNKNOWN</measDesc>
		</report>
		<report type="DQAbsExtPosAcc" dimension="horizontal">
			<measDesc>Approximate horizontal accuracy is 12 meters, assuming source data meets National Map Accuracy Standards.</measDesc>
		</report>
		<report type="DQAbsExtPosAcc" dimension="vertical">
			<measDesc>UNKNOWN</measDesc>
		</report>
		<dataLineage>
			<prcStep>
				<stepDesc>Digitize paper maps to create data. Perennial waters were described by many specialists in the study of hydrology on quad maps and digitized. There was no ground-truthing done to verify accuracy.</stepDesc>
				<stepDateTm>1993</stepDateTm>
				<stepSrc type="used">
					<srcCitatn>
						<resAltTitle>A1</resAltTitle>
					</srcCitatn>
				</stepSrc>
			</prcStep>
			<dataSource>
				<srcDesc>Converted in the fall of 1988 from USGS 1:100,000 scale DLG data to ARC format.  Since then, multiple and extensive corrections have taken place.  Early on, several Arizona agencies were part of rectification including: attributes, features, edgematching and the re-tiling of the data into the USGS Hydrologic Unit Code (HUC) library tiling format.  The Environmental Protection Agency (EPA) has since added critical attributes to the Arizona database, including: A nationally recognized management link code (the Reach Id), names, and hydrologic information.  Arizona has enhanced the theme further by adding ergonomic Descriptive Attribute Codes, Cartographic Order, more Names, and intense Quality Assurance Controls.</srcDesc>
				<srcMedName>
					<MedNameCd value="027"/>
				</srcMedName>
				<srcScale>
					<rfDenom>100000</rfDenom>
				</srcScale>
				<srcCitatn>
					<resTitle>Ephemeral and Perennial Streams in Arizona</resTitle>
					<resAltTitle>A1</resAltTitle>
					<date>
						<pubDate date="inapplicable"/>
					</date>
					<citRespParty>
						<rpOrgName>AZHYDRO GIS cover from ALRIS<!-- WARNING: translation from FGDC is ambiguous, this may require correction --></rpOrgName>
						<role>
							<RoleCd value="006"/>
						</role>
					</citRespParty>
					<citRespParty>
						<rpOrgName>Arizona State Land Department, Arizona Land Resources Information System<!-- WARNING: translation from FGDC is ambiguous, this may require correction --></rpOrgName>
						<rpCntInfo>
							<cntAddress>
								<delPoint>Phoenix, AZ<!-- WARNING: translation from FGDC is ambiguous, this may require correction --></delPoint>
							</cntAddress>
						</rpCntInfo>
						<role>
							<RoleCd value="010"/>
						</role>
					</citRespParty>
					<presForm>
						<PresFormCd value="006"/>
					</presForm>
					<presForm>
						<fgdcGeoform>map</fgdcGeoform>
					</presForm>
				</srcCitatn>
				<srcExt>
					<exDesc>Unknown</exDesc>
					<tempEle>
						<TempExtent>
							<exTemp>
								<TM_Instant>
									<tmPosition date="unknown">
									</tmPosition>
								</TM_Instant>
							</exTemp>
						</TempExtent>
					</tempEle>
				</srcExt>
			</dataSource>
		</dataLineage>
	</dqInfo>
	<spatRepInfo>
		<VectSpatRep><geometObjs Name="CO4"><geoObjTyp><GeoObjTypCd value="002" Sync="TRUE"></GeoObjTypCd></geoObjTyp><geoObjCnt Sync="TRUE">26069</geoObjCnt></geometObjs><topLvl><TopoLevCd value="001" Sync="TRUE"></TopoLevCd></topLvl></VectSpatRep></spatRepInfo>
	<Binary></Binary>
	<mdHrLvName Sync="TRUE">dataset</mdHrLvName><refSysInfo><RefSystem><refSysID><identCode code="26912" Sync="TRUE"></identCode><idCodeSpace Sync="TRUE">EPSG</idCodeSpace><idVersion Sync="TRUE">6.11(3.0.1)</idVersion></refSysID></RefSystem></refSysInfo></metadata>
