<metadata><spdoinfo><ptvctinf><esriterm Name="USFS_SantaCatalinas_Trails"><efeatyp Sync="TRUE">Simple</efeatyp><efeageom code="3" Sync="TRUE"></efeageom><esritopo Sync="TRUE">FALSE</esritopo><efeacnt Sync="TRUE">0</efeacnt><spindex Sync="TRUE">FALSE</spindex><linrefer Sync="TRUE">FALSE</linrefer></esriterm></ptvctinf></spdoinfo><eainfo><detailed Name="USFS_SantaCatalinas_Trails"><enttyp><enttypl Sync="TRUE">USFS_SantaCatalinas_Trails</enttypl><enttypd>Feature data set representing trails</enttypd><enttypds>None</enttypds><enttypt Sync="TRUE">Feature Class</enttypt><enttypc Sync="TRUE">0</enttypc></enttyp><attr><attrlabl Sync="TRUE">FID</attrlabl><attalias Sync="TRUE">FID</attalias><attrtype Sync="TRUE">OID</attrtype><attwidth Sync="TRUE">4</attwidth><atprecis Sync="TRUE">0</atprecis><attscale Sync="TRUE">0</attscale><attrdef Sync="TRUE">Internal feature number.</attrdef><attrdefs Sync="TRUE">Esri</attrdefs><attrdomv><udom Sync="TRUE">Sequential unique whole numbers that are automatically generated.</udom></attrdomv></attr><attr><attrlabl>Shape</attrlabl><attrdef>Feature geometry.</attrdef><attrdefs>ESRI</attrdefs><attrdomv><udom>Coordinates defining the features.</udom></attrdomv><attalias Sync="TRUE">Shape</attalias><attrtype Sync="TRUE">Geometry</attrtype><attwidth Sync="TRUE">0</attwidth><atprecis Sync="TRUE">0</atprecis><attscale Sync="TRUE">0</attscale></attr><attr><attrlabl>TRL_NO</attrlabl><attrdef>Trail number assigned by the forest</attrdef><attrdefs>National GIS Data Dictionary Standards - 6/30/2004</attrdefs><attrdomv><udom>Number assigned by forest</udom></attrdomv><attalias Sync="TRUE">TRL_NO</attalias><attrtype Sync="TRUE">String</attrtype><attwidth Sync="TRUE">30</attwidth><atprecis Sync="TRUE">0</atprecis><attscale Sync="TRUE">0</attscale></attr><attr><attrlabl>GIS_NAME</attrlabl><attalias Sync="TRUE">GIS_NAME</attalias><attrtype Sync="TRUE">String</attrtype><attwidth Sync="TRUE">30</attwidth><atprecis Sync="TRUE">0</atprecis><attscale Sync="TRUE">0</attscale><attrdef>Trail Name</attrdef><attrdefs>National GIS Data Dictionary Standards - 6/30/2004</attrdefs><attrdomv><udom>Trail Name</udom></attrdomv></attr><attr><attrlabl>RTE_CN</attrlabl><attrdef>Control number generated in Oracle</attrdef><attrdefs>National GIS Data Dictionary Standards - 6/30/2004</attrdefs><attrdomv><udom>Positive real numbers that are automatically generated.</udom></attrdomv><attalias Sync="TRUE">RTE_CN</attalias><attrtype Sync="TRUE">String</attrtype><attwidth Sync="TRUE">34</attwidth><atprecis Sync="TRUE">0</atprecis><attscale Sync="TRUE">0</attscale></attr><attr><attrlabl Sync="TRUE">SDE_OWNER</attrlabl><attalias Sync="TRUE">SDE_OWNER</attalias><attrtype Sync="TRUE">String</attrtype><attwidth Sync="TRUE">20</attwidth><atprecis Sync="TRUE">0</atprecis><attscale Sync="TRUE">0</attscale><attrdef>SDE Database source of the data or Forest</attrdef><attrdefs>None</attrdefs><attrdomv><udom>SDE Database source of the data or Forest</udom></attrdomv></attr><attr><attrlabl Sync="TRUE">TRAIL_TYPE</attrlabl><attalias Sync="TRUE">TRAIL_TYPE</attalias><attrtype Sync="TRUE">String</attrtype><attwidth Sync="TRUE">40</attwidth><atprecis Sync="TRUE">0</atprecis><attscale Sync="TRUE">0</attscale><attrdef>A fundamental trail category that indicates the predominant trail surface or trail foundation, and the general mode of travel the trail accommodates.</attrdef><attrdefs>Trails Data Dictionary</attrdefs><attrdomv><udom>TRAIL_TYPE</udom></attrdomv></attr><attr><attrlabl Sync="TRUE">SEG_LENGTH</attrlabl><attalias Sync="TRUE">SEG_LENGTH</attalias><attrtype Sync="TRUE">Double</attrtype><attwidth Sync="TRUE">19</attwidth><atprecis Sync="TRUE">0</atprecis><attscale Sync="TRUE">0</attscale><attrdef>Length of trail feature. May be a part or anything up the whole length of a trail.</attrdef><attrdefs>Trails Data Dictionary</attrdefs><attrdomv><udom>SEG_LENGTH</udom></attrdomv></attr><attr><attrlabl Sync="TRUE">BEGIN_TERM</attrlabl><attalias Sync="TRUE">BEGIN_TERM</attalias><attrtype Sync="TRUE">String</attrtype><attwidth Sync="TRUE">40</attwidth><atprecis Sync="TRUE">0</atprecis><attscale Sync="TRUE">0</attscale></attr><attr><attrlabl Sync="TRUE">END_TERMIN</attrlabl><attalias Sync="TRUE">END_TERMIN</attalias><attrtype Sync="TRUE">String</attrtype><attwidth Sync="TRUE">40</attwidth><atprecis Sync="TRUE">0</atprecis><attscale Sync="TRUE">0</attscale></attr><attr><attrlabl Sync="TRUE">ACCESSIBIL</attrlabl><attalias Sync="TRUE">ACCESSIBIL</attalias><attrtype Sync="TRUE">String</attrtype><attwidth Sync="TRUE">40</attwidth><atprecis Sync="TRUE">0</atprecis><attscale Sync="TRUE">0</attscale></attr><attr><attrlabl Sync="TRUE">DESIGNED_U</attrlabl><attalias Sync="TRUE">DESIGNED_U</attalias><attrtype Sync="TRUE">String</attrtype><attwidth Sync="TRUE">40</attwidth><atprecis Sync="TRUE">0</atprecis><attscale Sync="TRUE">0</attscale></attr><attr><attrlabl Sync="TRUE">JURISDICTI</attrlabl><attalias Sync="TRUE">JURISDICTI</attalias><attrtype Sync="TRUE">String</attrtype><attwidth Sync="TRUE">40</attwidth><atprecis Sync="TRUE">0</atprecis><attscale Sync="TRUE">0</attscale></attr><attr><attrlabl Sync="TRUE">MANAGING_O</attrlabl><attalias Sync="TRUE">MANAGING_O</attalias><attrtype Sync="TRUE">String</attrtype><attwidth Sync="TRUE">40</attwidth><atprecis Sync="TRUE">0</atprecis><attscale Sync="TRUE">0</attscale></attr><attr><attrlabl Sync="TRUE">TRAIL_CLAS</attrlabl><attalias Sync="TRUE">TRAIL_CLAS</attalias><attrtype Sync="TRUE">String</attrtype><attwidth Sync="TRUE">40</attwidth><atprecis Sync="TRUE">0</atprecis><attscale Sync="TRUE">0</attscale></attr><attr><attrlabl Sync="TRUE">TRAIL_STAT</attrlabl><attalias Sync="TRUE">TRAIL_STAT</attalias><attrtype Sync="TRUE">String</attrtype><attwidth Sync="TRUE">40</attwidth><atprecis Sync="TRUE">0</atprecis><attscale Sync="TRUE">0</attscale></attr><attr><attrlabl Sync="TRUE">TRAIL_SURF</attrlabl><attalias Sync="TRUE">TRAIL_SURF</attalias><attrtype Sync="TRUE">String</attrtype><attwidth Sync="TRUE">40</attwidth><atprecis Sync="TRUE">0</atprecis><attscale Sync="TRUE">0</attscale></attr><attr><attrlabl Sync="TRUE">TRAIL_SYST</attrlabl><attalias Sync="TRUE">TRAIL_SYST</attalias><attrtype Sync="TRUE">String</attrtype><attwidth Sync="TRUE">40</attwidth><atprecis Sync="TRUE">0</atprecis><attscale Sync="TRUE">0</attscale></attr><attr><attrlabl Sync="TRUE">TYPICAL_SI</attrlabl><attalias Sync="TRUE">TYPICAL_SI</attalias><attrtype Sync="TRUE">String</attrtype><attwidth Sync="TRUE">40</attwidth><atprecis Sync="TRUE">0</atprecis><attscale Sync="TRUE">0</attscale></attr><attr><attrlabl Sync="TRUE">TYPICAL_SO</attrlabl><attalias Sync="TRUE">TYPICAL_SO</attalias><attrtype Sync="TRUE">String</attrtype><attwidth Sync="TRUE">40</attwidth><atprecis Sync="TRUE">0</atprecis><attscale Sync="TRUE">0</attscale></attr><attr><attrlabl Sync="TRUE">TYPICAL_TR</attrlabl><attalias Sync="TRUE">TYPICAL_TR</attalias><attrtype Sync="TRUE">String</attrtype><attwidth Sync="TRUE">40</attwidth><atprecis Sync="TRUE">0</atprecis><attscale Sync="TRUE">0</attscale></attr><attr><attrlabl Sync="TRUE">TYPICAL_VE</attrlabl><attalias Sync="TRUE">TYPICAL_VE</attalias><attrtype Sync="TRUE">String</attrtype><attwidth Sync="TRUE">40</attwidth><atprecis Sync="TRUE">0</atprecis><attscale Sync="TRUE">0</attscale></attr><attr><attrlabl Sync="TRUE">TYPICAL__1</attrlabl><attalias Sync="TRUE">TYPICAL__1</attalias><attrtype Sync="TRUE">String</attrtype><attwidth Sync="TRUE">40</attwidth><atprecis Sync="TRUE">0</atprecis><attscale Sync="TRUE">0</attscale></attr><attr><attrlabl Sync="TRUE">PUB_DATE</attrlabl><attalias Sync="TRUE">PUB_DATE</attalias><attrtype Sync="TRUE">Date</attrtype><attwidth Sync="TRUE">8</attwidth><atprecis Sync="TRUE">0</atprecis><attscale Sync="TRUE">0</attscale><attrdef>Date the data was copied from the Forests databases</attrdef><attrdefs>None</attrdefs><attrdomv><udom>Date the data was copied from the Forests databases</udom></attrdomv></attr><attr><attrlabl Sync="TRUE">SHAPE_Leng</attrlabl><attalias Sync="TRUE">SHAPE_Leng</attalias><attrtype Sync="TRUE">Double</attrtype><attwidth Sync="TRUE">19</attwidth><atprecis Sync="TRUE">0</atprecis><attscale Sync="TRUE">0</attscale></attr></detailed></eainfo><Esri><CreaDate>20250418</CreaDate><CreaTime>14574600</CreaTime><SyncOnce>FALSE</SyncOnce><SyncDate>20250505</SyncDate><SyncTime>09584800</SyncTime><ModDate>20250505</ModDate><ModTime>09584800</ModTime><DataProperties><lineage><Process ToolSource="c:\arcgis\desktop10.3\ArcToolbox\Toolboxes\Data Management Tools.tbx\TruncateTable" Date="20170110" Time="084015" Name="" export="">TruncateTable T:\FS\Reference\GIS\r03\Data\DatabaseConnection\GISCoordsConnections\r03_default_(Region)_as_s_r03.sde\S_R03.Transportation_Replica_2\S_R03.Trail_2</Process><Process ToolSource="c:\program files\arcgis\pro\Resources\ArcToolbox\toolboxes\Data Management Tools.tbx\ChangePrivileges" Date="20230808" Time="155451" Name="" export="">ChangePrivileges 'T:\FS\Reference\GeoTool\agency\DatabaseConnection\Postgres\EGDB\R03\r03\Steward\r03 as r03.sde\r03.r03.Transportation_Replica\r03.r03.II_TRAIL_CORE' sde_view "Revoke view privileges" "Revoke edit privileges"</Process><Process ToolSource="c:\program files\arcgis\pro\Resources\ArcToolbox\toolboxes\Data Management Tools.tbx\ChangePrivileges" Date="20230808" Time="155452" Name="" export="">ChangePrivileges 'T:\FS\Reference\GeoTool\agency\DatabaseConnection\Postgres\EGDB\R03\r03\Steward\r03 as r03.sde\r03.r03.Transportation_Replica\r03.r03.II_TRAIL_CORE' sde_view "Grant view privileges" "Do not change edit privileges"</Process><Process ToolSource="c:\program files\arcgis\pro\Resources\ArcToolbox\toolboxes\Data Management Tools.tbx\ChangePrivileges" Date="20230808" Time="162428" Name="" export="">ChangePrivileges 'T:\FS\Reference\GeoTool\agency\DatabaseConnection\Postgres\EGDB\R03\r03\Steward\r03 as r03.sde\r03.r03.Transportation_Replica\r03.r03.II_TRAIL_CORE' sde_view "Revoke view privileges" "Revoke edit privileges"</Process><Process ToolSource="c:\program files\arcgis\pro\Resources\ArcToolbox\toolboxes\Data Management Tools.tbx\ChangePrivileges" Date="20230808" Time="162429" Name="" export="">ChangePrivileges 'T:\FS\Reference\GeoTool\agency\DatabaseConnection\Postgres\EGDB\R03\r03\Steward\r03 as r03.sde\r03.r03.Transportation_Replica\r03.r03.II_TRAIL_CORE' sde_view "Grant view privileges" "Do not change edit privileges"</Process><Process ToolSource="c:\program files\arcgis\pro\Resources\ArcToolbox\toolboxes\Data Management Tools.tbx\ChangePrivileges" Date="20230809" Time="142922" Name="" export="">ChangePrivileges 'T:\FS\Reference\GeoTool\agency\DatabaseConnection\Postgres\EGDB\R03\r03\Steward\r03 as r03.sde\r03.r03.Transportation_Replica\r03.r03.II_TRAIL_CORE' sde_view "Revoke view privileges" "Revoke edit privileges"</Process><Process ToolSource="c:\program files\arcgis\pro\Resources\ArcToolbox\toolboxes\Data Management Tools.tbx\ChangePrivileges" Date="20230809" Time="142922" Name="" export="">ChangePrivileges 'T:\FS\Reference\GeoTool\agency\DatabaseConnection\Postgres\EGDB\R03\r03\Steward\r03 as r03.sde\r03.r03.Transportation_Replica\r03.r03.II_TRAIL_CORE' sde_view "Grant view privileges" "Do not change edit privileges"</Process><Process ToolSource="c:\program files\arcgis\pro\Resources\ArcToolbox\toolboxes\Data Management Tools.tbx\ChangePrivileges" Date="20230809" Time="151926" Name="" export="">ChangePrivileges 'T:\FS\Reference\GeoTool\agency\DatabaseConnection\Postgres\EGDB\R03\r03\Steward\r03 as r03.sde\r03.r03.Transportation_Replica\r03.r03.II_TRAIL_CORE' sde_view "Revoke view privileges" "Revoke edit privileges"</Process><Process ToolSource="c:\program files\arcgis\pro\Resources\ArcToolbox\toolboxes\Data Management Tools.tbx\ChangePrivileges" Date="20230809" Time="151927" Name="" export="">ChangePrivileges 'T:\FS\Reference\GeoTool\agency\DatabaseConnection\Postgres\EGDB\R03\r03\Steward\r03 as r03.sde\r03.r03.Transportation_Replica\r03.r03.II_TRAIL_CORE' sde_view "Grant view privileges" "Do not change edit privileges"</Process><Process ToolSource="c:\program files\arcgis\pro\Resources\ArcToolbox\toolboxes\Analysis Tools.tbx\PairwiseClip" Date="20250418" Time="144928">PairwiseClip II_TRAIL_CORE SantaCatalinas_USFS C:\GIS_projects\UniversityArizona\UAL\tutorials\SantaCatalinas\SantaCatalinas.gdb\SantaCatalinas_USFS_Trails #</Process><Process ToolSource="c:\program files\arcgis\pro\Resources\ArcToolbox\toolboxes\Data Management Tools.tbx\DeleteField" Date="20250418" Time="145338">DeleteField SantaCatalinas_USFS_Trails RT_ACTION;ACTIONSTAMP;REV_DATE;DATA_SOURCE;ACCURACY "Delete Fields"</Process><Process ToolSource="c:\program files\arcgis\pro\Resources\ArcToolbox\toolboxes\Data Management Tools.tbx\DeleteField" Date="20250418" Time="145355">DeleteField SantaCatalinas_USFS_Trails BMP;EMP "Delete Fields"</Process><Process ToolSource="c:\program files\arcgis\pro\Resources\ArcToolbox\toolboxes\Data Management Tools.tbx\DeleteField" Date="20250418" Time="145412">DeleteField SantaCatalinas_USFS_Trails SECURITY_ID;COMMENTS;CREATED_BY;CREATED_DATE;CREATED_IN_INSTANCE "Delete Fields"</Process><Process ToolSource="c:\program files\arcgis\pro\Resources\ArcToolbox\toolboxes\Data Management Tools.tbx\DeleteField" Date="20250418" Time="145447">DeleteField SantaCatalinas_USFS_Trails REPLICATION_ID;ID;NAME "Delete Fields"</Process><Process ToolSource="c:\program files\arcgis\pro\Resources\ArcToolbox\toolboxes\Data Management Tools.tbx\DeleteField" Date="20250418" Time="145456">DeleteField SantaCatalinas_USFS_Trails GIS_BMP;GIS_EMP "Delete Fields"</Process><Process ToolSource="c:\program files\arcgis\pro\Resources\ArcToolbox\toolboxes\Data Management Tools.tbx\DeleteField" Date="20250418" Time="145513">DeleteField SantaCatalinas_USFS_Trails ADMIN_ORG;CONGRESSIONAL_DISTRICT;COUNTY "Delete Fields"</Process><Process ToolSource="c:\program files\arcgis\pro\Resources\ArcToolbox\toolboxes\Data Management Tools.tbx\DeleteField" Date="20250418" Time="145521">DeleteField SantaCatalinas_USFS_Trails HISTORIC_SIGNIFICANCE "Delete Fields"</Process><Process ToolSource="c:\program files\arcgis\pro\Resources\ArcToolbox\toolboxes\Data Management Tools.tbx\DeleteField" Date="20250418" Time="145550">DeleteField SantaCatalinas_USFS_Trails WILDERNESS_NAME;FLTP_TRAIL_DESIGNATION;CRC "Delete Fields"</Process><Process ToolSource="c:\program files\arcgis\pro\Resources\ArcToolbox\toolboxes\Data Management Tools.tbx\Project" Date="20250418" Time="145747">Project SantaCatalinas_USFS_Trails C:\GIS_projects\UniversityArizona\UAL\tutorials\SantaCatalinas\SantaCatalinas.gdb\SantaCatalinas_USFS_Trails_1 PROJCS["NAD_1983_HARN_StatePlane_Arizona_Central_FIPS_0202_Feet_Intl",GEOGCS["GCS_North_American_1983_HARN",DATUM["D_North_American_1983_HARN",SPHEROID["GRS_1980",6378137.0,298.257222101]],PRIMEM["Greenwich",0.0],UNIT["Degree",0.0174532925199433]],PROJECTION["Transverse_Mercator"],PARAMETER["False_Easting",700000.0],PARAMETER["False_Northing",0.0],PARAMETER["Central_Meridian",-111.9166666666667],PARAMETER["Scale_Factor",0.9999],PARAMETER["Latitude_Of_Origin",31.0],UNIT["Foot",0.3048]] NAD_1983_To_HARN_Arizona PROJCS["North_America_Lambert_Conformal_Conic",GEOGCS["GCS_North_American_1983",DATUM["D_North_American_1983",SPHEROID["GRS_1980",6378137.0,298.257222101]],PRIMEM["Greenwich",0.0],UNIT["Degree",0.0174532925199433]],PROJECTION["Lambert_Conformal_Conic"],PARAMETER["False_Easting",0.0],PARAMETER["False_Northing",0.0],PARAMETER["Central_Meridian",-108.0],PARAMETER["Standard_Parallel_1",32.0],PARAMETER["Standard_Parallel_2",36.0],PARAMETER["Latitude_Of_Origin",0.0],UNIT["Meter",1.0]] NO_PRESERVE_SHAPE # NO_VERTICAL</Process><Process ToolSource="c:\program files\arcgis\pro\Resources\ArcToolbox\toolboxes\Conversion Tools.tbx\ExportFeatures" Date="20250505" Time="095848">ExportFeatures SantaCatalinas_USFS_Trails_1 C:\GIS_projects\UniversityArizona\UAL\tutorials\SantaCatalinas\raw_data\USFS_SantaCatalinas_Trails\USFS_SantaCatalinas_Trails.shp # NOT_USE_ALIAS "RTE_CN "CN#" true true false 34 Text 0 0,First,#,SantaCatalinas_USFS_Trails_1,RTE_CN,0,33;TRL_NO "TRAIL_NO" true true false 30 Text 0 0,First,#,SantaCatalinas_USFS_Trails_1,TRL_NO,0,29;GIS_NAME "NAME" true true false 30 Text 0 0,First,#,SantaCatalinas_USFS_Trails_1,GIS_NAME,0,29;SDE_OWNER "Forest" true true false 20 Text 0 0,First,#,SantaCatalinas_USFS_Trails_1,SDE_OWNER,0,19;TRAIL_TYPE "TRAIL_TYPE" true true false 40 Text 0 0,First,#,SantaCatalinas_USFS_Trails_1,TRAIL_TYPE,0,39;SEG_LENGTH "SEG_LENGTH" true true false 8 Double 0 0,First,#,SantaCatalinas_USFS_Trails_1,SEG_LENGTH,-1,-1;BEGIN_TERMINI "BEGIN_TERMINI" true true false 40 Text 0 0,First,#,SantaCatalinas_USFS_Trails_1,BEGIN_TERMINI,0,39;END_TERMINI "END_TERMINI" true true false 40 Text 0 0,First,#,SantaCatalinas_USFS_Trails_1,END_TERMINI,0,39;ACCESSIBILITY_STATUS "ACCESSIBILITY_STATUS" true true false 40 Text 0 0,First,#,SantaCatalinas_USFS_Trails_1,ACCESSIBILITY_STATUS,0,39;DESIGNED_USE "DESIGNED_USE" true true false 40 Text 0 0,First,#,SantaCatalinas_USFS_Trails_1,DESIGNED_USE,0,39;JURISDICTION "JURISDICTION" true true false 40 Text 0 0,First,#,SantaCatalinas_USFS_Trails_1,JURISDICTION,0,39;MANAGING_ORG "MANAGING_ORG" true true false 40 Text 0 0,First,#,SantaCatalinas_USFS_Trails_1,MANAGING_ORG,0,39;TRAIL_CLASS "TRAIL_CLASS" true true false 40 Text 0 0,First,#,SantaCatalinas_USFS_Trails_1,TRAIL_CLASS,0,39;TRAIL_STATUS "TRAIL_STATUS" true true false 40 Text 0 0,First,#,SantaCatalinas_USFS_Trails_1,TRAIL_STATUS,0,39;TRAIL_SURFACE "TRAIL_SURFACE" true true false 40 Text 0 0,First,#,SantaCatalinas_USFS_Trails_1,TRAIL_SURFACE,0,39;TRAIL_SYSTEM "TRAIL_SYSTEM" true true false 40 Text 0 0,First,#,SantaCatalinas_USFS_Trails_1,TRAIL_SYSTEM,0,39;TYPICAL_SIDESLOPE "TYPICAL_SIDESLOPE" true true false 40 Text 0 0,First,#,SantaCatalinas_USFS_Trails_1,TYPICAL_SIDESLOPE,0,39;TYPICAL_SOIL_TYPE "TYPICAL_SOIL_TYPE" true true false 40 Text 0 0,First,#,SantaCatalinas_USFS_Trails_1,TYPICAL_SOIL_TYPE,0,39;TYPICAL_TRAIL_GRADE "TYPICAL_TRAIL_GRADE" true true false 40 Text 0 0,First,#,SantaCatalinas_USFS_Trails_1,TYPICAL_TRAIL_GRADE,0,39;TYPICAL_VEG_BRUSH "TYPICAL_VEG_BRUSH" true true false 40 Text 0 0,First,#,SantaCatalinas_USFS_Trails_1,TYPICAL_VEG_BRUSH,0,39;TYPICAL_VEG_TIMBER "TYPICAL_VEG_TIMBER" true true false 40 Text 0 0,First,#,SantaCatalinas_USFS_Trails_1,TYPICAL_VEG_TIMBER,0,39;PUB_DATE "PUB_DATE" true true false 8 Date 0 0,First,#,SantaCatalinas_USFS_Trails_1,PUB_DATE,-1,-1;SHAPE_Length "SHAPE_Length" false true true 8 Double 0 0,First,#,SantaCatalinas_USFS_Trails_1,SHAPE_Length,-1,-1" #</Process></lineage><itemProps><itemLocation><linkage Sync="TRUE">file://\\LENOVOORIGINAL\C$\GIS_projects\UniversityArizona\UAL\tutorials\SantaCatalinas\raw_data\USFS_SantaCatalinas_Trails\USFS_SantaCatalinas_Trails.shp</linkage><protocol Sync="TRUE">Local Area Network</protocol></itemLocation><itemName Sync="TRUE">USFS_SantaCatalinas_Trails</itemName><nativeExtBox><westBL Sync="TRUE">-459633.723300</westBL><eastBL Sync="TRUE">752410.242900</eastBL><southBL Sync="TRUE">3688655.804800</southBL><northBL Sync="TRUE">4312854.373600</northBL><exTypeCode Sync="TRUE">1</exTypeCode></nativeExtBox><imsContentType Sync="TRUE" export="False">002</imsContentType><itemSize Sync="TRUE">0.000</itemSize></itemProps><coordRef><type Sync="TRUE">Projected</type><geogcsn Sync="TRUE">GCS_North_American_1983_HARN</geogcsn><csUnits Sync="TRUE">Linear Unit: Foot (0.304800)</csUnits><projcsn Sync="TRUE">NAD_1983_HARN_StatePlane_Arizona_Central_FIPS_0202_Feet_Intl</projcsn><peXml Sync="TRUE">&lt;ProjectedCoordinateSystem xsi:type='typens:ProjectedCoordinateSystem' xmlns:xsi='http://www.w3.org/2001/XMLSchema-instance' xmlns:xs='http://www.w3.org/2001/XMLSchema' xmlns:typens='http://www.esri.com/schemas/ArcGIS/3.3.0'&gt;&lt;WKT&gt;PROJCS[&amp;quot;NAD_1983_HARN_StatePlane_Arizona_Central_FIPS_0202_Feet_Intl&amp;quot;,GEOGCS[&amp;quot;GCS_North_American_1983_HARN&amp;quot;,DATUM[&amp;quot;D_North_American_1983_HARN&amp;quot;,SPHEROID[&amp;quot;GRS_1980&amp;quot;,6378137.0,298.257222101]],PRIMEM[&amp;quot;Greenwich&amp;quot;,0.0],UNIT[&amp;quot;Degree&amp;quot;,0.0174532925199433]],PROJECTION[&amp;quot;Transverse_Mercator&amp;quot;],PARAMETER[&amp;quot;False_Easting&amp;quot;,700000.0],PARAMETER[&amp;quot;False_Northing&amp;quot;,0.0],PARAMETER[&amp;quot;Central_Meridian&amp;quot;,-111.9166666666667],PARAMETER[&amp;quot;Scale_Factor&amp;quot;,0.9999],PARAMETER[&amp;quot;Latitude_Of_Origin&amp;quot;,31.0],UNIT[&amp;quot;Foot&amp;quot;,0.3048],AUTHORITY[&amp;quot;EPSG&amp;quot;,2868]]&lt;/WKT&gt;&lt;XOrigin&gt;-17746700&lt;/XOrigin&gt;&lt;YOrigin&gt;-44067300&lt;/YOrigin&gt;&lt;XYScale&gt;137254860.72514725&lt;/XYScale&gt;&lt;ZOrigin&gt;-100000&lt;/ZOrigin&gt;&lt;ZScale&gt;10000&lt;/ZScale&gt;&lt;MOrigin&gt;-100000&lt;/MOrigin&gt;&lt;MScale&gt;10000&lt;/MScale&gt;&lt;XYTolerance&gt;0.0032808398950131233&lt;/XYTolerance&gt;&lt;ZTolerance&gt;0.001&lt;/ZTolerance&gt;&lt;MTolerance&gt;0.001&lt;/MTolerance&gt;&lt;HighPrecision&gt;true&lt;/HighPrecision&gt;&lt;WKID&gt;2868&lt;/WKID&gt;&lt;LatestWKID&gt;2868&lt;/LatestWKID&gt;&lt;/ProjectedCoordinateSystem&gt;</peXml></coordRef></DataProperties><ArcGISFormat>1.0</ArcGISFormat><scaleRange><minScale>50000</minScale><maxScale>5000</maxScale></scaleRange><ArcGISstyle>FGDC CSDGM Metadata</ArcGISstyle><ArcGISProfile>FGDC</ArcGISProfile></Esri><mdLang><languageCode value="eng"/><countryCode value="USA" Sync="TRUE"/></mdLang><mdChar><CharSetCd value="004"/></mdChar><mdHrLv><ScopeCd value="005"/></mdHrLv><mdStanName>ArcGIS Metadata</mdStanName><mdStanVer>1.0</mdStanVer><distInfo><distributor><distorCont><rpOrgName>USDA Forest Service, Southwestern Region</rpOrgName><rpPosName>Regional GIS Coordinator</rpPosName><rpCntInfo><cntPhone><voiceNum tddtty="">505-842-3292</voiceNum></cntPhone><cntAddress addressType="both"><delPoint>333 Broadway SE</delPoint><city>Albuquerque</city><adminArea>New Mexico</adminArea><postCode>87102-3498</postCode><country>US</country></cntAddress><cntHours>0800-1630 Monday - Friday, Mountain Time.</cntHours></rpCntInfo><displayName>USDA Forest Service, Southwestern Region</displayName><role><RoleCd value="006"/></role></distorCont></distributor><distFormat><formatName Sync="TRUE">Shapefile</formatName></distFormat><distTranOps><transSize Sync="TRUE">0.000</transSize></distTranOps></distInfo><dataIdInfo><idCitation><date><pubDate>2025-02-28T06:12:29</pubDate></date><otherCitDet>This dataset is part of the USDA, Forest Service, Southwestern Region Geodatabase Schema, a product of the Core Data Project. This project is designed to generate and maintain vertically integrated resource data layers which are standardized across the Southwestern Region. Forest Service Geospatial Service and Technology Center (GSTC).</otherCitDet><resTitle Sync="FALSE">Trail</resTitle><presForm><PresFormCd value="005" Sync="TRUE"/></presForm><citRespParty><rpOrgName>USDA Forest Service, Southwestern Region</rpOrgName><rpPosName>Regional GIS Coordinator</rpPosName><rpCntInfo><cntPhone><voiceNum tddtty="">505-842-3292</voiceNum></cntPhone><cntAddress addressType="both"><delPoint>333 Broadway SE</delPoint><city>Albuquerque</city><adminArea>New Mexico</adminArea><postCode>87102-3498</postCode><country>US</country></cntAddress><cntHours>0800-1630 Monday - Friday, Mountain Time.</cntHours></rpCntInfo><displayName>USDA Forest Service, Southwestern Region</displayName><role><RoleCd value="006"/></role></citRespParty></idCitation><idAbs>&lt;DIV STYLE="text-align:Left;"&gt;&lt;DIV&gt;&lt;DIV&gt;&lt;P&gt;&lt;SPAN&gt;This feature class consists of the trail routes on the Southwestern Region Forest Service. This feature class has the event table from INFRA II_TRAIL_CORE overlayed on it with all the core attributes. It is part of the USFS Southwestern Region Core Data Project. This project is designed to generate and maintain 15 vertically integrated resource data layers which are standardized across the Southwestern Region. A route feature stores the spatial locations (geography) of the trail. These feature classes have an (M) value or measure on their vertices. A route system depicts all trails within or in close proximity to an administrative unit. A trail is a linear feature constructed for the purpose of allowing the free movement of people, stock, or Off Highway Vehicles (OHV). Route measurements and route directions must correspond to those stored in the INFRA Oracle table RTE_BASICS. Associated National Application: INFRA Travel Routes INFRA Web Page: http://infra.wo.fs.fed.us/infra/&lt;/SPAN&gt;&lt;/P&gt;&lt;/DIV&gt;&lt;/DIV&gt;&lt;/DIV&gt;</idAbs><idPurp>The purpose of this feature class is to depict and label the boundaries of the trail network system on this National Forest. It will be used to provide trail network information for any necessary analysis.</idPurp><idStatus><ProgCd value="007"/></idStatus><resMaint><maintFreq><MaintFreqCd value="009"/></maintFreq></resMaint><placeKeys><keyword>New Mexico</keyword><keyword>Albuquerque</keyword><keyword>Arizona</keyword><keyword>Southwestern Region</keyword></placeKeys><themeKeys><keyword>recreation</keyword><keyword>bike</keyword><keyword>trailheads</keyword><keyword>horse</keyword><keyword>hikes</keyword><keyword>trail</keyword><keyword>route</keyword><keyword>foot trails</keyword><keyword>hikers</keyword><keyword>transportation</keyword></themeKeys><searchKeys><keyword>Recreation</keyword><keyword>New Mexico</keyword><keyword>Bike</keyword><keyword>Trailheads</keyword><keyword>Albuquerque</keyword><keyword>Horse</keyword><keyword>Hikes</keyword><keyword>Arizona</keyword><keyword>Trail</keyword><keyword>Route</keyword><keyword>Foot trails</keyword><keyword>Hikers</keyword><keyword>Southwestern Region</keyword><keyword>Transportation</keyword></searchKeys><resConst><LegConsts><useLimit>The USDA Forest Service manages these data for planning purposes, not necessarily for actual on the ground implementation. The USFS is in no way condoning or endorsing the actual on the ground implementation of these data. It is the sole responsibility of the user to determine whether or not the data are suitable for the intended purpose. It is also the obligation of the user to apply these data in an appropriate and conscientious manner. The USFS provides no warranty, nor accepts any liability occurring from the use of these data.</useLimit></LegConsts></resConst><resConst><Consts><useLimit>&lt;DIV STYLE="text-align:Left;"&gt;&lt;DIV&gt;&lt;DIV&gt;&lt;P&gt;&lt;SPAN&gt;Comparison with other data sets for the same area from other time periods may be inaccurate due to inconsistencies resulting from changes in photointerpretation, rounding of decimal coordinates during conversion, and mapping conventions over time. Any hardcopies utilizing these data sets shall clearly indicate their source. If the user has modified the data in any way, they are obligated to describe the types of modifications they have performed on the hardcopy map. The user specifically agrees not to misrepresent these data sets, nor to imply that changes made were approved by the USFS.&lt;/SPAN&gt;&lt;/P&gt;&lt;/DIV&gt;&lt;/DIV&gt;&lt;/DIV&gt;</useLimit></Consts></resConst><dataLang><languageCode value="eng"/><countryCode value="USA" Sync="TRUE"/></dataLang><dataExt><exDesc>Most current data available within the stated time period.</exDesc><tempEle><TempExtent><exTemp><TM_Instant><tmPosition>2025-02-28T06:12:29</tmPosition></TM_Instant></exTemp></TempExtent></tempEle></dataExt><envirDesc Sync="TRUE">Microsoft Windows 10 Version 10.0 (Build 19045) ; Esri ArcGIS 13.3.0.52636</envirDesc><spatRpType><SpatRepTypCd value="001" Sync="TRUE"/></spatRpType><dataExt><geoEle><GeoBndBox esriExtentType="search"><exTypeCode Sync="TRUE">1</exTypeCode><westBL Sync="TRUE">-113.155631</westBL><eastBL Sync="TRUE">-99.572279</eastBL><northBL Sync="TRUE">37.003269</northBL><southBL Sync="TRUE">31.113651</southBL></GeoBndBox></geoEle></dataExt><idPoC><rpOrgName>USDA Forest Service, Southwestern Region</rpOrgName><rpPosName>Regional GIS Coordinator</rpPosName><rpCntInfo><cntPhone><voiceNum tddtty="">505-842-3292</voiceNum></cntPhone><cntAddress addressType="both"><delPoint>333 Broadway SE</delPoint><city>Albuquerque</city><adminArea>New Mexico</adminArea><postCode>87102-3498</postCode><country>US</country></cntAddress><cntHours>0800-1630 Monday - Friday, Mountain Time.</cntHours></rpCntInfo><displayName>USDA Forest Service, Southwestern Region</displayName><role><RoleCd value="006"/></role></idPoC><tpCat><TopicCatCd value="018"/></tpCat></dataIdInfo><dqInfo><dqScope><scpLvl><ScopeCd value="005"/></scpLvl></dqScope><report type="DQConcConsis" dimension=""><measDesc>Line (arc)</measDesc></report><report type="DQCompOm" dimension=""><measDesc>Data set is complete.</measDesc></report><report type="DQQuanAttAcc" dimension=""><measDesc>Accuracy and completeness was checked by manually comparing hardcopy plots, on-screen review, and reporting method with the source materials. TR_RTE_NO was populated based on information provided by the Forest Service, either in manual or digital form. An automated quality assurance/control application, QCView, was used to verify a consistent data structure and valid attribution for fields based on the "Specifications for TVA Data Automation Contract". This document can be found at: http://fsweb.r3.fs.fed.us/eng/gis/standards.html</measDesc></report><report type="DQAbsExtPosAcc" dimension="horizontal"><measDesc>The horizontal accuracy of the data is limited to parameters established by the 1:24000 scale of this mapping effort. The data was manuscripted and compared to the original input. If the digitized output varied by more than 1/16th of an inch, the digital line was corrected to more accurately conform to the manuscript.</measDesc></report><dataLineage><dataSource type=""><srcDesc>Non-CFF trail alignments</srcDesc><srcScale><rfDenom>24000</rfDenom></srcScale><srcCitatn><resTitle>Trails</resTitle><resAltTitle>Unknown</resAltTitle><date><pubDate>1999-12-01</pubDate></date><citRespParty><rpOrgName>Coconino National Forest</rpOrgName><rpCntInfo><cntAddress><delPoint>Flagstaff, Arizona</delPoint></cntAddress></rpCntInfo><role><RoleCd value="010"/></role></citRespParty><citRespParty><rpOrgName>USDA Forest Service, Coconino National Forest</rpOrgName><role><RoleCd value="006"/></role></citRespParty><otherCitDet>Vintage 11 CFF data was updated by forest specialists using digital orthophoto quads (DOQ) as a backdrop for on-screen digitizing. Some GPS data was also added.</otherCitDet></srcCitatn><srcExt><exDesc>Most current data available within the stated time period.</exDesc><tempEle><TempExtent><exTemp><TM_Period><tmBegin>1995-01-01</tmBegin><tmEnd>1999-01-01</tmEnd></TM_Period></exTemp></TempExtent></tempEle></srcExt></dataSource><dataSource type=""><srcDesc>Vintage 11 trail alignments and Forest boundary</srcDesc><srcScale><rfDenom>24</rfDenom></srcScale><srcCitatn><resTitle>Cartographic Feature File (CFF)</resTitle><resAltTitle>Unknown</resAltTitle><date><pubDate date="unknown"/></date><resEd>Vintage 11</resEd><citRespParty><rpOrgName>USDA Forest Service, Geospatial Service and Technology Center (GSTC)</rpOrgName><role><RoleCd value="006"/></role></citRespParty><citRespParty><rpOrgName>USDA Forest Service, Geospatial Service and Technology Center (GSTC)</rpOrgName><rpCntInfo><cntAddress><delPoint>Salt Lake City, Utah</delPoint></cntAddress></rpCntInfo><role><RoleCd value="010"/></role></citRespParty><presForm><PresFormCd value="005"/></presForm><presForm><fgdcGeoform>Vector digital data</fgdcGeoform></presForm><otherCitDet>Cartographic Feature Files (CFF's) are digital files containing a vector representation of the point and line features shown on a Forest Service Primary Base Series (PBS) map. CFF data are collected by digitizing PBS maps and revised using correction guide information provided by field units. GSTC began producing Vintage 11 CFF's in 1996.</otherCitDet></srcCitatn><srcExt><exDesc>Most current data available within the stated time period.</exDesc><tempEle><TempExtent><exTemp><TM_Period><tmBegin>1996-01-01</tmBegin><tmEnd>2000-01-01</tmEnd></TM_Period></exTemp></TempExtent></tempEle></srcExt></dataSource><prcStep><stepDesc>Merged 11 Forest datasets into 1 Regional dataset.FME (Feature Manipulation Engine).</stepDesc><stepRat>Create Regional Dataset</stepRat><stepDateTm>2017-01-04T00:00:00</stepDateTm><stepProc><rpOrgName>USDA Forest Service, Southwestern Region</rpOrgName><rpPosName>Regional GIS Coordinator</rpPosName><rpCntInfo><cntPhone><voiceNum tddtty="">505-842-3292</voiceNum></cntPhone><cntAddress addressType="both"><delPoint>333 Broadway SE</delPoint><city>Albuquerque</city><adminArea>New Mexico</adminArea><postCode>87102-3498</postCode><country>US</country></cntAddress><cntHours>0800-1630 Monday - Friday, Mountain Time.</cntHours></rpCntInfo><displayName>USDA Forest Service, Southwestern Region</displayName><role><RoleCd value="009"/></role></stepProc></prcStep></dataLineage></dqInfo><mdHrLvName Sync="TRUE">dataset</mdHrLvName><refSysInfo><RefSystem><refSysID><identCode code="2868" Sync="TRUE"/><idCodeSpace Sync="TRUE">EPSG</idCodeSpace><idVersion Sync="TRUE">6.3(9.0.0)</idVersion></refSysID></RefSystem></refSysInfo><spatRepInfo><VectSpatRep><geometObjs Name="USFS_SantaCatalinas_Trails"><geoObjTyp><GeoObjTypCd value="002" Sync="TRUE"></GeoObjTypCd></geoObjTyp><geoObjCnt Sync="TRUE">0</geoObjCnt></geometObjs><topLvl><TopoLevCd value="001" Sync="TRUE"></TopoLevCd></topLvl></VectSpatRep></spatRepInfo><mdDateSt Sync="TRUE">20250505</mdDateSt><mdContact><rpOrgName>USDA Forest Service, Southwestern Region</rpOrgName><rpPosName>Regional GIS Coordinator</rpPosName><rpCntInfo><cntPhone><voiceNum tddtty="">505-842-3292</voiceNum></cntPhone><cntAddress addressType="both"><delPoint>333 Broadway SE</delPoint><city>Albuquerque</city><adminArea>New Mexico</adminArea><postCode>87102-3498</postCode><country>US</country></cntAddress><cntHours>0800-1630 Monday - Friday, Mountain Time.</cntHours></rpCntInfo><displayName>USDA Forest Service, Southwestern Region</displayName><role><RoleCd value="006"/></role></mdContact></metadata>
