<?xml version="1.0"?>
<metadata>
	<idinfo>
		<citation>
			<citeinfo>
				<origin>U.S. Environmental Protection Agency/Office of Water/OST</origin>
				<pubdate>19980801</pubdate>
				<title>EPA Dam Locations</title>
				<pubinfo>
					<pubplace>Washington, D.C.</pubplace>
					<publish>U.S. Environmental Protection Agency</publish>
				</pubinfo>
				<ftname>EPA.dam</ftname>
				<geoform>vector digital data</geoform>
			</citeinfo>
		</citation>
		<descript>
			<abstract>
This dataset provides a locational map of 75,187 dams in the conterminous
United States. The National Inventory of Dams was originally developed by
the U.S. Army Corps of Engineers and the Federal Emergency Management
Agency. It was developed to track dam related problem areas. This database
shows the age of the dam, number of people living downstream, and some
inspection information. The dam inspection data also includes location
information (such as latitude, longitude and nearest town), a description
of a dam's size, reservoir capacity, the owner and the regulatory
oversight agency.

For distribution with BASINS v.2.0, the data layer was prepared in Arcview
shape file format.
</abstract>
			<purpose>
The National Inventory of Dams was originally developed by
the U.S. Army Corps of Engineers and the Federal Emergency Management
Agency. It was developed to track dam related problem areas. This database
shows the age of the dam, number of people living downstream, and some
inspection information. The dam inspection data also includes location
information (such as latitude, longitude and nearest town), a description
of a dam's size, reservoir capacity, the owner and the regulatory
oversight agency.
</purpose>
			<supplinf>

Intended use of data:
This data set was prepared to support the U.S. EPA BASINS (Better
Assessment Science Integrating Point and Nonpoint Sources) System.
The dam point coverage provides Geographic Information System
GIS) applications with a valuable data layer for base mapping of dam
locations. These locations are used in numerous types of analysis, e.g.,
stream network analysis, hydrologic flow.
</supplinf>
			<langdata>en</langdata>
		</descript>
		<timeperd>
			<timeinfo>
				<sngdate>
					<caldate>1996</caldate>
				</sngdate>
			</timeinfo>
			<current>1996</current>
		</timeperd>
		<status>
			<progress>Complete</progress>
			<update>As needed</update>
		</status>
		<spdom>
			<bounding>
				<westbc>-124.476214</westbc>
				<eastbc>-107.776189</eastbc>
				<northbc>43.056424</northbc>
				<southbc>30.850996</southbc>
			</bounding>
			<lboundng>
				<leftbc>-612498.214769</leftbc>
				<rightbc>762730.507664</rightbc>
				<bottombc>3471325.383592</bottombc>
				<topbc>4767080.831071</topbc>
			</lboundng>
		</spdom>
		<keywords>
			<theme>
				<themekt>None</themekt>
				<themekey>National Inventory of Dams</themekey>
			</theme>
			<place>
				<placekt>Geographic Names Information System</placekt>
				<placekey>Conterminous United States of America (CONUS)</placekey>
				<placekey>Alabama AL</placekey>
				<placekey>Arizona AZ</placekey>
				<placekey>Arkansas AR</placekey>
				<placekey>California CA</placekey>
				<placekey>Colorado CO</placekey>
				<placekey>Connecticut CT</placekey>
				<placekey>Delaware DE</placekey>
				<placekey>District of Columbia DC</placekey>
				<placekey>Florida FL</placekey>
				<placekey>Georgia GA</placekey>
				<placekey>Idaho ID</placekey>
				<placekey>Illinois IL</placekey>
				<placekey>Indiana IN</placekey>
				<placekey>Iowa IA</placekey>
				<placekey>Kansas KS</placekey>
				<placekey>Kentucky KY</placekey>
				<placekey>Louisiana LA</placekey>
				<placekey>Maine ME</placekey>
				<placekey>Maryland MD</placekey>
				<placekey>Massachusetts MA</placekey>
				<placekey>Michigan MI</placekey>
				<placekey>Minnesota MN</placekey>
				<placekey>Mississippi MS</placekey>
				<placekey>Missouri MO</placekey>
				<placekey>Montana MT</placekey>
				<placekey>Nebraska NE</placekey>
				<placekey>Nevada NV</placekey>
				<placekey>New Hampshire NH</placekey>
				<placekey>New Jersey NJ</placekey>
				<placekey>New Mexico NM</placekey>
				<placekey>New York NY</placekey>
				<placekey>North Carolina NC</placekey>
				<placekey>North Dakota ND</placekey>
				<placekey>Ohio OH</placekey>
				<placekey>Oklahoma OK</placekey>
				<placekey>Oregon OR</placekey>
				<placekey>Pennsylvania PA</placekey>
				<placekey>Rhode Island RI</placekey>
				<placekey>South Carolina SC</placekey>
				<placekey>South Dakota SD</placekey>
				<placekey>Tennessee TN</placekey>
				<placekey>Texas TX</placekey>
				<placekey>Utah UT</placekey>
				<placekey>Vermont VT</placekey>
				<placekey>Virginia VA</placekey>
				<placekey>Washington WA</placekey>
				<placekey>West Virginia WV</placekey>
				<placekey>Wisconsin WI</placekey>
				<placekey>Wyoming WY</placekey>
			</place>
		</keywords>
		<accconst>None</accconst>
		<useconst>None</useconst>
		<ptcontac>
			<cntinfo>
				<cntorgp>
					<cntorg>Federal Emergency Management Agency.</cntorg>
				</cntorgp>
				<cntaddr>
					<addrtype>mailing address</addrtype>
					<address>500 C St.</address>
					<city>Washington</city>
					<state>DC</state>
					<postal>20472</postal>
				</cntaddr>
				<cntvoice>202-646-2801</cntvoice>
			</cntinfo>
		</ptcontac>
		<native>Microsoft Windows 2000 Version 5.0 (Build 2195) Service Pack 3; ESRI ArcCatalog 8.3.0.796</native>
		<natvform>SDE Feature Class</natvform>
	</idinfo>
	<dataqual>
		<logic>Point features present</logic>
		<complete>See Supplemental_Information</complete>
		<lineage>
			<procstep>
				<procdesc>
Using the ADD EVENT THEME function of Arcview, an Arcview shape
file showing the locations of the dams is created  based on the
latitude and longitude coordinates associated with each dam site
in the dams database.

For distribution with BASINS 2.0, the data layer was divided by EPA
regions (i.e. distribution by CD).  Other form of data distribution
(e.g. by cataloging unit) is available through the web
http://www.epa.gov/OST/BASINS
</procdesc>
				<procdate>19980218</procdate>
				<proccont>
					<cntinfo>
						<cntorgp>
							<cntorg>Tetra Tech, Inc.</cntorg>
						</cntorgp>
						<cntaddr>
							<addrtype>Mailing Address</addrtype>
							<address>10306 Eaton Place, Suite 340</address>
							<city>Fairfax</city>
							<state>Virginia</state>
							<postal>22030</postal>
							<country>USA</country>
						</cntaddr>
						<cntvoice>703-385-6000</cntvoice>
						<cntinst>See Distributor_Information</cntinst>
					</cntinfo>
				</proccont>
			</procstep>
			<procstep>
				<procdesc>Metadata imported.</procdesc>
				<srcused>C:\DOCUME~1\dborden\LOCALS~1\Temp\xml3E.tmp</srcused>
				<date>20030128</date>
				<time>10504500</time>
			</procstep>
			<procstep>
				<procdesc>Dataset copied.</procdesc>
				<srcused>Server=Silicon; Service=esri_sde; User=NCDC; Version=SDE.DEFAULT</srcused>
				<date>20030213</date>
				<time>09491000</time>
			</procstep>
		</lineage>
	</dataqual>
	<spdoinfo>
		<direct>Vector</direct>
		<ptvctinf><esriterm Name="Dam"><efeatyp Sync="TRUE">Simple</efeatyp><efeageom code="1" Sync="TRUE"></efeageom><esritopo Sync="TRUE">FALSE</esritopo><efeacnt Sync="TRUE">2471</efeacnt><spindex Sync="TRUE">TRUE</spindex><linrefer Sync="TRUE">FALSE</linrefer></esriterm></ptvctinf></spdoinfo>
	<spref>
		<horizsys>
			<geodetic>
				<horizdn>North American Datum of 1983</horizdn>
				<ellips>Geodetic Reference System 80</ellips>
				<semiaxis>6378137.000000</semiaxis>
				<denflat>298.257222</denflat>
			</geodetic>
			<cordsysn>
				<geogcsn>GCS_North_American_1983</geogcsn>
				<projcsn>NAD_1983_UTM_Zone_12N</projcsn>
			</cordsysn>
			<planar>
				<planci>
					<plance>coordinate pair</plance>
					<plandu>meters</plandu>
					<coordrep>
						<absres>0.002048</absres>
						<ordres>0.002048</ordres>
					</coordrep>
				</planci>
			</planar>
		</horizsys>
		<vertdef>
			<altsys>
				<altenc>Explicit elevation coordinate included with horizontal coordinates</altenc>
				<altres>1.000000</altres>
			</altsys>
		</vertdef>
	</spref>
	<eainfo>
		<detailed Name="Dam">
			<enttyp>
				<enttypl Sync="TRUE">Dam</enttypl>
				<enttypd>Dam point attribute table</enttypd>
				<enttypds>National Inventory of Dams Database</enttypds>
				<enttypt Sync="TRUE">Feature Class</enttypt>
				<enttypc Sync="TRUE">2471</enttypc>
			</enttyp>
			<attr><attrlabl Sync="TRUE">FID</attrlabl><attalias Sync="TRUE">FID</attalias><attrtype Sync="TRUE">OID</attrtype><attwidth Sync="TRUE">4</attwidth><atprecis Sync="TRUE">0</atprecis><attscale Sync="TRUE">0</attscale><attrdef Sync="TRUE">Internal feature number.</attrdef><attrdefs Sync="TRUE">Esri</attrdefs><attrdomv><udom Sync="TRUE">Sequential unique whole numbers that are automatically generated.</udom></attrdomv></attr><attr>
				<attrlabl Sync="TRUE">OBJECTID</attrlabl>
				<attrdef Sync="TRUE">Internal feature number.</attrdef>
				<attrdefs Sync="TRUE">ESRI</attrdefs>
				<attrdomv>
					<edom>
						<edomv>7</edomv>
						<edomvd>character ID value</edomvd>
						<edomvds>
National Inventory of Dams
Database
</edomvds>
					</edom>
				</attrdomv>
				<attalias Sync="TRUE">OBJECTID</attalias>
				<attrtype Sync="TRUE">Integer</attrtype>
				<attwidth Sync="TRUE">10</attwidth>
				<atprecis Sync="TRUE">10</atprecis>
				<attscale Sync="TRUE">0</attscale>
			</attr>
			<attr>
				<attrlabl Sync="TRUE">NID_ID</attrlabl>
				<attrdef>
The two letter abbreviation for the state in which
the dam is located.
</attrdef>
				<attrdefs>Assigned</attrdefs>
				<attrdomv>
					<edom>
						<edomv>2</edomv>
						<edomvd>character ID value</edomvd>
						<edomvds>
National Inventory of Dams
Database
</edomvds>
					</edom>
				</attrdomv>
				<attalias Sync="TRUE">NID_ID</attalias>
				<attrtype Sync="TRUE">String</attrtype>
				<attwidth Sync="TRUE">7</attwidth>
				<atprecis Sync="TRUE">0</atprecis>
				<attscale Sync="TRUE">0</attscale>
			</attr>
			<attr>
				<attrlabl Sync="TRUE">STATE</attrlabl>
				<attrdef>
Official name of the dam.  For dams that do not
have an official name, the popular name is used.
</attrdef>
				<attrdefs>National Inventory of Dams Database</attrdefs>
				<attrdomv>
					<edom>
						<edomv>65</edomv>
						<edomvd>character ID values</edomvd>
						<edomvds>
National Inventory of Dams
Database
</edomvds>
					</edom>
				</attrdomv>
				<attalias Sync="TRUE">STATE</attalias>
				<attrtype Sync="TRUE">String</attrtype>
				<attwidth Sync="TRUE">2</attwidth>
				<atprecis Sync="TRUE">0</atprecis>
				<attscale Sync="TRUE">0</attscale>
			</attr>
			<attr>
				<attrlabl Sync="TRUE">DAM_NAME</attrlabl>
				<attrdef>
Reservoir name or names in common use other than
the official name of the dam.  Names are separated with semi-colons.
</attrdef>
				<attrdefs>National Inventory of Dams Database</attrdefs>
				<attrdomv>
					<edom>
						<edomv>65</edomv>
						<edomvd>character ID values</edomvd>
						<edomvds>
National Inventory of Dams
Database
</edomvds>
					</edom>
				</attrdomv>
				<attalias Sync="TRUE">DAM_NAME</attalias>
				<attrtype Sync="TRUE">String</attrtype>
				<attwidth Sync="TRUE">65</attwidth>
				<atprecis Sync="TRUE">0</atprecis>
				<attscale Sync="TRUE">0</attscale>
			</attr>
			<attr>
				<attrlabl Sync="TRUE">OTHER_NAME</attrlabl>
				<attrdef>
Term indicating the potential hazard to the
downstream area resulting from failure or mis-operation of the dam or
facilities.
</attrdef>
				<attrdefs>National Inventory of Dams Database</attrdefs>
				<attrdomv>
					<edom>
						<edomv>11</edomv>
						<edomvd>character ID values</edomvd>
						<edomvds>
National Inventory of Dams
Database
</edomvds>
					</edom>
				</attrdomv>
				<attalias Sync="TRUE">OTHER_NAME</attalias>
				<attrtype Sync="TRUE">String</attrtype>
				<attwidth Sync="TRUE">65</attwidth>
				<atprecis Sync="TRUE">0</atprecis>
				<attscale Sync="TRUE">0</attscale>
			</attr>
			<attr>
				<attrlabl Sync="TRUE">HAZARD</attrlabl>
				<attrdef>
Term indicating whether this dam has an Emergency
Action Plan (EAP).
</attrdef>
				<attrdefs>National Inventory of Dams Database</attrdefs>
				<attrdomv>
					<edom>
						<edomv>3</edomv>
						<edomvd>character ID values</edomvd>
						<edomvds>
National Inventory of Dams
Database
</edomvds>
					</edom>
				</attrdomv>
				<attalias Sync="TRUE">HAZARD</attalias>
				<attrtype Sync="TRUE">String</attrtype>
				<attwidth Sync="TRUE">11</attwidth>
				<atprecis Sync="TRUE">0</atprecis>
				<attscale Sync="TRUE">0</attscale>
			</attr>
			<attr>
				<attrlabl Sync="TRUE">EAP</attrlabl>
				<attrdef>The state name in which the dam is located.</attrdef>
				<attrdefs>National Inventory of Dams Database</attrdefs>
				<attrdomv>
					<edom>
						<edomv>20</edomv>
						<edomvd>character ID values</edomvd>
						<edomvds>
National Inventory of Dams
Database
</edomvds>
					</edom>
				</attrdomv>
				<attalias Sync="TRUE">EAP</attalias>
				<attrtype Sync="TRUE">String</attrtype>
				<attwidth Sync="TRUE">3</attwidth>
				<atprecis Sync="TRUE">0</atprecis>
				<attscale Sync="TRUE">0</attscale>
			</attr>
			<attr>
				<attrlabl Sync="TRUE">STATE_NAME</attrlabl>
				<attrdef>
The 104th Congressional District in which the dam
is located.
</attrdef>
				<attrdefs>National Inventory of Dams Database</attrdefs>
				<attrdomv>
					<edom>
						<edomv>5</edomv>
						<edomvd>character ID values</edomvd>
						<edomvds>
National Inventory of Dams
Database
</edomvds>
					</edom>
				</attrdomv>
				<attalias Sync="TRUE">STATE_NAME</attalias>
				<attrtype Sync="TRUE">String</attrtype>
				<attwidth Sync="TRUE">20</attwidth>
				<atprecis Sync="TRUE">0</atprecis>
				<attscale Sync="TRUE">0</attscale>
			</attr>
			<attr>
				<attrlabl Sync="TRUE">CONG_DIST</attrlabl>
				<attrdef>Name of the county in which the dam is located.</attrdef>
				<attrdefs>National Inventory of Dams Database</attrdefs>
				<attrdomv>
					<edom>
						<edomv>30</edomv>
						<edomvd>character ID values</edomvd>
						<edomvds>
National Inventory of Dams
Database
</edomvds>
					</edom>
				</attrdomv>
				<attalias Sync="TRUE">CONG_DIST</attalias>
				<attrtype Sync="TRUE">String</attrtype>
				<attwidth Sync="TRUE">5</attwidth>
				<atprecis Sync="TRUE">0</atprecis>
				<attscale Sync="TRUE">0</attscale>
			</attr>
			<attr>
				<attrlabl Sync="TRUE">COUNTY</attrlabl>
				<attrdef>
Name of the nearest downstream city, town, or
village that is most likely to be affected by floods resulting from the
failure of the dam.
</attrdef>
				<attrdefs>National Inventory of Dams Database</attrdefs>
				<attrdomv>
					<edom>
						<edomv>30</edomv>
						<edomvd>character ID values</edomvd>
						<edomvds>
National Inventory of Dams
Database
</edomvds>
					</edom>
				</attrdomv>
				<attalias Sync="TRUE">COUNTY</attalias>
				<attrtype Sync="TRUE">String</attrtype>
				<attwidth Sync="TRUE">30</attwidth>
				<atprecis Sync="TRUE">0</atprecis>
				<attscale Sync="TRUE">0</attscale>
			</attr>
			<attr>
				<attrlabl Sync="TRUE">NEAR_CITY</attrlabl>
				<attrdef>
Distance from the dam to the nearest downstream
affected city, town, village to the nearest mile.
</attrdef>
				<attrdefs>National Inventory of Dams Database</attrdefs>
				<attrdomv>
					<edom>
						<edomv>5</edomv>
						<edomvd>Floating point number</edomvd>
						<edomvds>
National Inventory of Dams
Database
</edomvds>
					</edom>
				</attrdomv>
				<attalias Sync="TRUE">NEAR_CITY</attalias>
				<attrtype Sync="TRUE">String</attrtype>
				<attwidth Sync="TRUE">30</attwidth>
				<atprecis Sync="TRUE">0</atprecis>
				<attscale Sync="TRUE">0</attscale>
			</attr>
			<attr>
				<attrlabl Sync="TRUE">DIST_CITY</attrlabl>
				<attrdef>
Official name of the river or stream on which the
dam is built.  If the stream is unnamed, it is identified as a tributary
to the named river.
</attrdef>
				<attrdefs>
National Inventory of Dams Database
Database
</attrdefs>
				<attrdomv>
					<edom>
						<edomv>30</edomv>
						<edomvd>character ID value</edomvd>
						<edomvds>
National Inventory of Dams
Database
</edomvds>
					</edom>
				</attrdomv>
				<attalias Sync="TRUE">DIST_CITY</attalias>
				<attrtype Sync="TRUE">Double</attrtype>
				<attwidth Sync="TRUE">9</attwidth>
				<atprecis Sync="TRUE">8</atprecis>
				<attscale Sync="TRUE">2</attscale>
			</attr>
			<attr>
				<attrlabl Sync="TRUE">RIVER</attrlabl>
				<attrdef>
Term indicating the primary purpose for which the
reservoir is used.
</attrdef>
				<attrdefs>National Inventory of Dams Database</attrdefs>
				<attrdomv>
					<edom>
						<edomv>15</edomv>
						<edomvd>character ID value</edomvd>
						<edomvds>
National Inventory of
Dams Database
</edomvds>
					</edom>
				</attrdomv>
				<attalias Sync="TRUE">RIVER</attalias>
				<attrtype Sync="TRUE">String</attrtype>
				<attwidth Sync="TRUE">30</attwidth>
				<atprecis Sync="TRUE">0</atprecis>
				<attscale Sync="TRUE">0</attscale>
			</attr>
			<attr>
				<attrlabl Sync="TRUE">PRM_PURPOS</attrlabl>
				<attrdef>
Term indicating dam type as one of the following:
Arch, Buttress, Gravity.
</attrdef>
				<attrdefs>National Inventory of Dams Database</attrdefs>
				<attrdomv>
					<edom>
						<edomv>8</edomv>
						<edomvd>character ID value</edomvd>
						<edomvds>
National Inventory of Dams
Database
</edomvds>
					</edom>
				</attrdomv>
				<attalias Sync="TRUE">PRM_PURPOS</attalias>
				<attrtype Sync="TRUE">String</attrtype>
				<attwidth Sync="TRUE">15</attwidth>
				<atprecis Sync="TRUE">0</atprecis>
				<attscale Sync="TRUE">0</attscale>
			</attr>
			<attr>
				<attrlabl Sync="TRUE">NID_DAMTYP</attrlabl>
				<attrdef>
Year when the original main dam structure was
completed.
</attrdef>
				<attrdefs>National Inventory of Dams Database</attrdefs>
				<attrdomv>
					<edom>
						<edomv>4</edomv>
						<edomvd>integer value</edomvd>
						<edomvds>
National Inventory of Dams
Database
</edomvds>
					</edom>
				</attrdomv>
				<attalias Sync="TRUE">NID_DAMTYP</attalias>
				<attrtype Sync="TRUE">String</attrtype>
				<attwidth Sync="TRUE">8</attwidth>
				<atprecis Sync="TRUE">0</atprecis>
				<attscale Sync="TRUE">0</attscale>
			</attr>
			<attr>
				<attrlabl Sync="TRUE">YEAR_COMPL</attrlabl>
				<attrdef>
A calculated field based on the maximum value of
field items #28 Dam Height, #29 Hydraulic height, and #30 Structural
height, providing a single height value to facilitate database queries.
</attrdef>
				<attrdefs>National Inventory of Dams Database</attrdefs>
				<attrdomv>
					<edom>
						<edomv>8</edomv>
						<edomvd>Integer value</edomvd>
						<edomvds>
National Inventory of Dams
Database
</edomvds>
					</edom>
				</attrdomv>
				<attalias Sync="TRUE">YEAR_COMPL</attalias>
				<attrtype Sync="TRUE">SmallInteger</attrtype>
				<attwidth Sync="TRUE">4</attwidth>
				<atprecis Sync="TRUE">4</atprecis>
				<attscale Sync="TRUE">0</attscale>
			</attr>
			<attr>
				<attrlabl Sync="TRUE">NID_HEIGHT</attrlabl>
				<attrdef>
A calculated field based on the maximum value of
field items: #31 Normal storage, and #32 Maximum storage providing a
single storage value to facilitate database queries.
</attrdef>
				<attrdefs>National Inventory of Dams Database</attrdefs>
				<attrdomv>
					<edom>
						<edomv>12</edomv>
						<edomvd>Integer value</edomvd>
						<edomvds>
National Inventory of Dams
Database
</edomvds>
					</edom>
				</attrdomv>
				<attalias Sync="TRUE">NID_HEIGHT</attalias>
				<attrtype Sync="TRUE">Integer</attrtype>
				<attwidth Sync="TRUE">8</attwidth>
				<atprecis Sync="TRUE">8</atprecis>
				<attscale Sync="TRUE">0</attscale>
			</attr>
			<attr>
				<attrlabl Sync="TRUE">NID_STOR</attrlabl>
				<attrdef>
Dam length in feet.  It is defined as the length
along the top of the dam.
</attrdef>
				<attrdefs>National Inventory of Dams Database</attrdefs>
				<attrdomv>
					<edom>
						<edomv>9</edomv>
						<edomvd>Integer value</edomvd>
						<edomvds>
National Inventory of Dams
Database
</edomvds>
					</edom>
				</attrdomv>
				<attalias Sync="TRUE">NID_STOR</attalias>
				<attrtype Sync="TRUE">Double</attrtype>
				<attwidth Sync="TRUE">12</attwidth>
				<atprecis Sync="TRUE">12</atprecis>
				<attscale Sync="TRUE">0</attscale>
			</attr>
			<attr>
				<attrlabl Sync="TRUE">DAM_LENGTH</attrlabl>
				<attrdef>
Number of cubic feet per second which the
spillway is capable of discharging when the reservoir is at its
maximum designed water surface elevation.
</attrdef>
				<attrdefs>National Inventory of Dams Database</attrdefs>
				<attrdomv>
					<edom>
						<edomv>9</edomv>
						<edomvd>Integer value</edomvd>
						<edomvds>
National Inventory of Dams
Database
</edomvds>
					</edom>
				</attrdomv>
				<attalias Sync="TRUE">DAM_LENGTH</attalias>
				<attrtype Sync="TRUE">Integer</attrtype>
				<attwidth Sync="TRUE">9</attwidth>
				<atprecis Sync="TRUE">9</atprecis>
				<attscale Sync="TRUE">0</attscale>
			</attr>
			<attr>
				<attrlabl Sync="TRUE">MAX_DISCH</attrlabl>
				<attrdef>Name of the owner of the dam.</attrdef>
				<attrdefs>National Inventory of Dams Database</attrdefs>
				<attrdomv>
					<edom>
						<edomv>50</edomv>
						<edomvd>character ID values</edomvd>
						<edomvds>
National Inventory of Dams
Database
</edomvds>
					</edom>
				</attrdomv>
				<attalias Sync="TRUE">MAX_DISCH</attalias>
				<attrtype Sync="TRUE">Integer</attrtype>
				<attwidth Sync="TRUE">9</attwidth>
				<atprecis Sync="TRUE">9</atprecis>
				<attscale Sync="TRUE">0</attscale>
			</attr>
			<attr>
				<attrlabl Sync="TRUE">OWNER</attrlabl>
				<attrdef>Term indicating owner type.</attrdef>
				<attrdefs>National Inventory of Dams Database</attrdefs>
				<attrdomv>
					<edom>
						<edomv>14</edomv>
						<edomvd>character ID values</edomvd>
						<edomvds>
National Inventory of Dams
Database
</edomvds>
					</edom>
				</attrdomv>
				<attalias Sync="TRUE">OWNER</attalias>
				<attrtype Sync="TRUE">String</attrtype>
				<attwidth Sync="TRUE">50</attwidth>
				<atprecis Sync="TRUE">0</atprecis>
				<attscale Sync="TRUE">0</attscale>
			</attr>
			<attr>
				<attrlabl Sync="TRUE">OWN_TYPE</attrlabl>
				<attrdef>
Name of the primary state agency with regulatory
or approval authority over the dam.
</attrdef>
				<attrdefs>National Inventory of Dams Database</attrdefs>
				<attrdomv>
					<edom>
						<edomv>30</edomv>
						<edomvd>character ID values</edomvd>
						<edomvds>
National Inventory of Dams
Database
</edomvds>
					</edom>
				</attrdomv>
				<attalias Sync="TRUE">OWN_TYPE</attalias>
				<attrtype Sync="TRUE">String</attrtype>
				<attwidth Sync="TRUE">14</attwidth>
				<atprecis Sync="TRUE">0</atprecis>
				<attscale Sync="TRUE">0</attscale>
			</attr>
			<attr>
				<attrlabl Sync="TRUE">STATE_AGCY</attrlabl>
				<attrdef>
Code identifying federal agency involvement in the
dam.
</attrdef>
				<attrdefs>National Inventory of Dams Database</attrdefs>
				<attrdomv>
					<edom>
						<edomv>20</edomv>
						<edomvd>character ID values</edomvd>
						<edomvds>
National Inventory of Dams
Database
</edomvds>
					</edom>
				</attrdomv>
				<attalias Sync="TRUE">STATE_AGCY</attalias>
				<attrtype Sync="TRUE">String</attrtype>
				<attwidth Sync="TRUE">30</attwidth>
				<atprecis Sync="TRUE">0</atprecis>
				<attscale Sync="TRUE">0</attscale>
			</attr>
			<attr>
				<attrlabl Sync="TRUE">FED_AGCY</attrlabl>
				<attrdef>
Term indicating whether the dam is a non-federal
dam located on federal property.
</attrdef>
				<attrdefs>National Inventory of Dams Database</attrdefs>
				<attrdomv>
					<edom>
						<edomv>3</edomv>
						<edomvd>character ID values</edomvd>
						<edomvds>
National Inventory of Dams
Database
</edomvds>
					</edom>
				</attrdomv>
				<attalias Sync="TRUE">FED_AGCY</attalias>
				<attrtype Sync="TRUE">String</attrtype>
				<attwidth Sync="TRUE">20</attwidth>
				<atprecis Sync="TRUE">0</atprecis>
				<attscale Sync="TRUE">0</attscale>
			</attr>
			<attr>
				<attrlabl Sync="TRUE">NONFED_DAM</attrlabl>
				<attrdef>
Dam location in terms of Section, Township, and
Range.  Meridian location is included if it is needed to locate the dam.
</attrdef>
				<attrdefs>National Inventory of Dams Database</attrdefs>
				<attrdomv>
					<edom>
						<edomv>30</edomv>
						<edomvd>character ID values</edomvd>
						<edomvds>
National Inventory of Dams
Database
</edomvds>
					</edom>
				</attrdomv>
				<attalias Sync="TRUE">NONFED_DAM</attalias>
				<attrtype Sync="TRUE">String</attrtype>
				<attwidth Sync="TRUE">3</attwidth>
				<atprecis Sync="TRUE">0</atprecis>
				<attscale Sync="TRUE">0</attscale>
			</attr>
			<attr>
				<attrlabl Sync="TRUE">SECT_TOWN</attrlabl>
				<attrdef>
Codes for indicating the purposes for which the
reservoir is used.  Codes used are as follows: I = irrigation, H =
Hydroelectric, C = Flood Control and Storm Water Management; N =
Navigation; S = Water Supply; R = Recreation; P = Fire Protection,
Stock, or Small Farm Pond; F = Fish and Wildlife Pond; D = Debris
Control; T = Tailings; O = Other.  Codes are concatenated if the dam has
multiple purposes.
</attrdef>
				<attrdefs>National Inventory of Dams Database</attrdefs>
				<attrdomv>
					<edom>
						<edomv>8</edomv>
						<edomvd>character ID values</edomvd>
						<edomvds>
National Inventory of Dams
Database
</edomvds>
					</edom>
				</attrdomv>
				<attalias Sync="TRUE">SECT_TOWN</attalias>
				<attrtype Sync="TRUE">String</attrtype>
				<attwidth Sync="TRUE">30</attwidth>
				<atprecis Sync="TRUE">0</atprecis>
				<attscale Sync="TRUE">0</attscale>
			</attr>
			<attr>
				<attrlabl Sync="TRUE">PURPOSE</attrlabl>
				<attrdef>
Code indicating the type of dam.  Codes used are
as follows: RE = Earth, ER = Rockfill; PG = Gravity; CB = Buttress; VA =
Arch; MV = Multi-Arch; CN = Concrete; MS = Masonry; ST = Stone; TC =
Timber Crib; OT = Other.
</attrdef>
				<attrdefs>National Inventory of Dams Database</attrdefs>
				<attrdomv>
					<edom>
						<edomv>6</edomv>
						<edomvd>character ID values</edomvd>
						<edomvds>
National Inventory of Dams
Database
</edomvds>
					</edom>
				</attrdomv>
				<attalias Sync="TRUE">PURPOSE</attalias>
				<attrtype Sync="TRUE">String</attrtype>
				<attwidth Sync="TRUE">8</attwidth>
				<atprecis Sync="TRUE">0</atprecis>
				<attscale Sync="TRUE">0</attscale>
			</attr>
			<attr>
				<attrlabl Sync="TRUE">DAM_TYPE</attrlabl>
				<attrdef>
Dam height in feet.  It is defined as the
vertical distance between the lowest point on the crest of the dam and
the lowest point in the original streambed.
</attrdef>
				<attrdefs>National Inventory of Dams Database</attrdefs>
				<attrdomv>
					<edom>
						<edomv>8</edomv>
						<edomvd>Integer value</edomvd>
						<edomvds>
National Inventory of Dams
Database
</edomvds>
					</edom>
				</attrdomv>
				<attalias Sync="TRUE">DAM_TYPE</attalias>
				<attrtype Sync="TRUE">String</attrtype>
				<attwidth Sync="TRUE">6</attwidth>
				<atprecis Sync="TRUE">0</atprecis>
				<attscale Sync="TRUE">0</attscale>
			</attr>
			<attr>
				<attrlabl Sync="TRUE">DAM_HEIGHT</attrlabl>
				<attrdef>
Hydraulic height of the dam in feet.  It is
defined as the vertical difference between the maximum designed water
level and the lowest point in the original streambed.
</attrdef>
				<attrdefs>National Inventory of Dams Database</attrdefs>
				<attrdomv>
					<edom>
						<edomv>8</edomv>
						<edomvd>Integer value</edomvd>
						<edomvds>
National Inventory of Dams
Database
</edomvds>
					</edom>
				</attrdomv>
				<attalias Sync="TRUE">DAM_HEIGHT</attalias>
				<attrtype Sync="TRUE">Integer</attrtype>
				<attwidth Sync="TRUE">8</attwidth>
				<atprecis Sync="TRUE">8</atprecis>
				<attscale Sync="TRUE">0</attscale>
			</attr>
			<attr>
				<attrlabl Sync="TRUE">HYDR_HGT</attrlabl>
				<attrdef>
Structural height of the dam in feet.  It is
defined as the vertical distance from the lowest point of the excavated
foundation to the top of the dam.
</attrdef>
				<attrdefs>National Inventory of Dams Database</attrdefs>
				<attrdomv>
					<edom>
						<edomv>8</edomv>
						<edomvd>Integer value</edomvd>
						<edomvds>
National Inventory of Dams
Database
</edomvds>
					</edom>
				</attrdomv>
				<attalias Sync="TRUE">HYDR_HGT</attalias>
				<attrtype Sync="TRUE">Integer</attrtype>
				<attwidth Sync="TRUE">8</attwidth>
				<atprecis Sync="TRUE">8</atprecis>
				<attscale Sync="TRUE">0</attscale>
			</attr>
			<attr>
				<attrlabl Sync="TRUE">STRUCT_HGT</attrlabl>
				<attrdef>
Normal storage in acre-feet.  It is defined as the
total storage space in a reservoir below the normal retention level,
including dead and inactive storage and excluding any flood control
surcharge storage.
</attrdef>
				<attrdefs>National Inventory of Dams Database</attrdefs>
				<attrdomv>
					<edom>
						<edomv>12</edomv>
						<edomvd>Floating value</edomvd>
						<edomvds>
National Inventory of Dams
Database
</edomvds>
					</edom>
				</attrdomv>
				<attalias Sync="TRUE">STRUCT_HGT</attalias>
				<attrtype Sync="TRUE">Integer</attrtype>
				<attwidth Sync="TRUE">8</attwidth>
				<atprecis Sync="TRUE">8</atprecis>
				<attscale Sync="TRUE">0</attscale>
			</attr>
			<attr>
				<attrlabl Sync="TRUE">NORM_STOR</attrlabl>
				<attrdef>
Maximum storage in acre-feet.  It is defined as
the total storage space in a reservoir below the maximum attainable
water surface elevation, including any surcharge storage.
</attrdef>
				<attrdefs>National Inventory of Dams Database</attrdefs>
				<attrdomv>
					<edom>
						<edomv>12</edomv>
						<edomvd>Integer value</edomvd>
						<edomvds>
National Inventory of Dams
Database
</edomvds>
					</edom>
				</attrdomv>
				<attalias Sync="TRUE">NORM_STOR</attalias>
				<attrtype Sync="TRUE">Double</attrtype>
				<attwidth Sync="TRUE">16</attwidth>
				<atprecis Sync="TRUE">15</atprecis>
				<attscale Sync="TRUE">2</attscale>
			</attr>
			<attr>
				<attrlabl Sync="TRUE">MAX_STOR</attrlabl>
				<attrdef>
Surface area in acres of the impoundment at its
normal retention level.
</attrdef>
				<attrdefs>National Inventory of Dams Database</attrdefs>
				<attrdomv>
					<edom>
						<edomv>10</edomv>
						<edomvd>Floating point number</edomvd>
						<edomvds>
National Inventory of Dams
Database
</edomvds>
					</edom>
				</attrdomv>
				<attalias Sync="TRUE">MAX_STOR</attalias>
				<attrtype Sync="TRUE">Double</attrtype>
				<attwidth Sync="TRUE">16</attwidth>
				<atprecis Sync="TRUE">15</atprecis>
				<attscale Sync="TRUE">2</attscale>
			</attr>
			<attr>
				<attrlabl Sync="TRUE">SURF_AREA</attrlabl>
				<attrdef>
Drainage area of the dam in square miles.  It is
defined as the area that drains to a particular point on a river or
stream.
</attrdef>
				<attrdefs>National Inventory of Dams Database</attrdefs>
				<attrdomv>
					<edom>
						<edomv>12</edomv>
						<edomvd>Floating value</edomvd>
						<edomvds>
National Inventory of Dams
Database
</edomvds>
					</edom>
				</attrdomv>
				<attalias Sync="TRUE">SURF_AREA</attalias>
				<attrtype Sync="TRUE">Double</attrtype>
				<attwidth Sync="TRUE">14</attwidth>
				<atprecis Sync="TRUE">13</atprecis>
				<attscale Sync="TRUE">2</attscale>
			</attr>
			<attr>
				<attrlabl Sync="TRUE">DRAIN_AREA</attrlabl>
				<attrdef>
Code that describes the type of spillway: C =
Controlled; U = Uncontrolled; N = None.
</attrdef>
				<attrdefs>National Inventory of Dams Database</attrdefs>
				<attrdomv>
					<edom>
						<edomv>1</edomv>
						<edomvd>character ID values</edomvd>
						<edomvds>
National Inventory of Dams
Database
</edomvds>
					</edom>
				</attrdomv>
				<attalias Sync="TRUE">DRAIN_AREA</attalias>
				<attrtype Sync="TRUE">Double</attrtype>
				<attwidth Sync="TRUE">16</attwidth>
				<atprecis Sync="TRUE">15</atprecis>
				<attscale Sync="TRUE">2</attscale>
			</attr>
			<attr>
				<attrlabl Sync="TRUE">SPILL_TYPE</attrlabl>
				<attrdef>
Width of the spillway in feet, available for
discharge when the reservoir is at its maximum designed water surface
elevation.
</attrdef>
				<attrdefs>National Inventory of Dams Database</attrdefs>
				<attrdomv>
					<edom>
						<edomv>6</edomv>
						<edomvd>Integer value</edomvd>
						<edomvds>
National Inventory of Dams
Database
</edomvds>
					</edom>
				</attrdomv>
				<attalias Sync="TRUE">SPILL_TYPE</attalias>
				<attrtype Sync="TRUE">String</attrtype>
				<attwidth Sync="TRUE">1</attwidth>
				<atprecis Sync="TRUE">0</atprecis>
				<attscale Sync="TRUE">0</attscale>
			</attr>
			<attr>
				<attrlabl Sync="TRUE">SPILL_WDTH</attrlabl>
				<attrdef>
Number of existing navigation locks for the
project.  Maximum of 4.
</attrdef>
				<attrdefs>National Inventory of Dams Database</attrdefs>
				<attrdomv>
					<edom>
						<edomv>1</edomv>
						<edomvd>Integer value</edomvd>
						<edomvds>
National Inventory of Dams
Database
</edomvds>
					</edom>
				</attrdomv>
				<attalias Sync="TRUE">SPILL_WDTH</attalias>
				<attrtype Sync="TRUE">Integer</attrtype>
				<attwidth Sync="TRUE">6</attwidth>
				<atprecis Sync="TRUE">6</atprecis>
				<attscale Sync="TRUE">0</attscale>
			</attr>
			<attr>
				<attrlabl Sync="TRUE">NUM_LOCKS</attrlabl>
				<attrdef>Length of the primary navigation lock in feet.</attrdef>
				<attrdefs>National Inventory of Dams Database</attrdefs>
				<attrdomv>
					<edom>
						<edomv>6</edomv>
						<edomvd>Integer value</edomvd>
						<edomvds>
National Inventory of Dams
Database
</edomvds>
					</edom>
				</attrdomv>
				<attalias Sync="TRUE">NUM_LOCKS</attalias>
				<attrtype Sync="TRUE">SmallInteger</attrtype>
				<attwidth Sync="TRUE">1</attwidth>
				<atprecis Sync="TRUE">1</atprecis>
				<attscale Sync="TRUE">0</attscale>
			</attr>
			<attr>
				<attrlabl Sync="TRUE">LOCK_LEN</attrlabl>
				<attrdef>Width of the primary navigation lock in feet.</attrdef>
				<attrdefs>National Inventory of Dams Database</attrdefs>
				<attrdomv>
					<edom>
						<edomv>4</edomv>
						<edomvd>Integer value</edomvd>
						<edomvds>
National Inventory of Dams
Database
</edomvds>
					</edom>
				</attrdomv>
				<attalias Sync="TRUE">LOCK_LEN</attalias>
				<attrtype Sync="TRUE">Integer</attrtype>
				<attwidth Sync="TRUE">6</attwidth>
				<atprecis Sync="TRUE">6</atprecis>
				<attscale Sync="TRUE">0</attscale>
			</attr>
			<attr>
				<attrlabl Sync="TRUE">LOCK_WIDTH</attrlabl>
				<attrdef>
Total number of cubic yards occupied by the
materials used in the dam structure.  Portions of powerhouse, locks, and
spillways are included only if they are an integral part of the dam and
required for structural stability.
</attrdef>
				<attrdefs>National Inventory of Dams Database</attrdefs>
				<attrdomv>
					<edom>
						<edomv>14</edomv>
						<edomvd>Integer value</edomvd>
						<edomvds>
National Inventory of Dams
Database
</edomvds>
					</edom>
				</attrdomv>
				<attalias Sync="TRUE">LOCK_WIDTH</attalias>
				<attrtype Sync="TRUE">SmallInteger</attrtype>
				<attwidth Sync="TRUE">4</attwidth>
				<atprecis Sync="TRUE">4</atprecis>
				<attscale Sync="TRUE">0</attscale>
			</attr>
			<attr>
				<attrlabl Sync="TRUE">VOLUME</attrlabl>
				<attrdef>
Date of the most recent inspection of the dam
(MM/DD/YY) prior to the transmittal of the data by the submitting
agency.
</attrdef>
				<attrdefs>National Inventory of Dams Database</attrdefs>
				<attrdomv>
					<edom>
						<edomv>8</edomv>
						<edomvd>Integer value</edomvd>
						<edomvds>
National Inventory of Dams
Database
</edomvds>
					</edom>
				</attrdomv>
				<attalias Sync="TRUE">VOLUME</attalias>
				<attrtype Sync="TRUE">Double</attrtype>
				<attwidth Sync="TRUE">14</attwidth>
				<atprecis Sync="TRUE">14</atprecis>
				<attscale Sync="TRUE">0</attscale>
			</attr>
			<attr>
				<attrlabl Sync="TRUE">INSP_DATE</attrlabl>
				<attrdef>
Term indicating whether this dam was inspected in
the Phase I Inspection Program, National Program of Inspection of
Non-Federal Dams.
</attrdef>
				<attrdefs>National Inventory of Dams Database</attrdefs>
				<attrdomv>
					<edom>
						<edomv>3</edomv>
						<edomvd>character ID values</edomvd>
						<edomvds>
National Inventory of Dams
Database
</edomvds>
					</edom>
				</attrdomv>
				<attalias Sync="TRUE">INSP_DATE</attalias>
				<attrtype Sync="TRUE">Date</attrtype>
				<attwidth Sync="TRUE">8</attwidth>
				<atprecis Sync="TRUE">0</atprecis>
				<attscale Sync="TRUE">0</attscale>
			</attr>
			<attr>
				<attrlabl Sync="TRUE">PHASEI_INS</attrlabl>
				<attrdef>
Code identifying which federal agency was involved
in the construction of the dam.
</attrdef>
				<attrdefs>National Inventory of Dams Database</attrdefs>
				<attrdomv>
					<edom>
						<edomv>20</edomv>
						<edomvd>character ID values</edomvd>
						<edomvds>
National Inventory of Dams
Database
</edomvds>
					</edom>
				</attrdomv>
				<attalias Sync="TRUE">PHASEI_INS</attalias>
				<attrtype Sync="TRUE">String</attrtype>
				<attwidth Sync="TRUE">3</attwidth>
				<atprecis Sync="TRUE">0</atprecis>
				<attscale Sync="TRUE">0</attscale>
			</attr>
			<attr>
				<attrlabl Sync="TRUE">FD_CONSTRC</attrlabl>
				<attrdef>
Code identifying which federal agency was involved
in the design of the dam.
</attrdef>
				<attrdefs>National Inventory of Dams Database</attrdefs>
				<attrdomv>
					<edom>
						<edomv>20</edomv>
						<edomvd>character ID values</edomvd>
						<edomvds>
National Inventory of Dams
Database
</edomvds>
					</edom>
				</attrdomv>
				<attalias Sync="TRUE">FD_CONSTRC</attalias>
				<attrtype Sync="TRUE">String</attrtype>
				<attwidth Sync="TRUE">20</attwidth>
				<atprecis Sync="TRUE">0</atprecis>
				<attscale Sync="TRUE">0</attscale>
			</attr>
			<attr>
				<attrlabl Sync="TRUE">FD_DESIGN</attrlabl>
				<attrdef>
Code identifying which federal agency was involved
in funding of the dam.
</attrdef>
				<attrdefs>National Inventory of Dams Database</attrdefs>
				<attrdomv>
					<edom>
						<edomv>20</edomv>
						<edomvd>character ID values</edomvd>
						<edomvds>
National Inventory of Dams
Database
</edomvds>
					</edom>
				</attrdomv>
				<attalias Sync="TRUE">FD_DESIGN</attalias>
				<attrtype Sync="TRUE">String</attrtype>
				<attwidth Sync="TRUE">20</attwidth>
				<atprecis Sync="TRUE">0</atprecis>
				<attscale Sync="TRUE">0</attscale>
			</attr>
			<attr>
				<attrlabl Sync="TRUE">FD_FUNDING</attrlabl>
				<attrdef>
Code identifying which federal agency is involved
in the inspection of the dam.
</attrdef>
				<attrdefs>National Inventory of Dams Database</attrdefs>
				<attrdomv>
					<edom>
						<edomv>20</edomv>
						<edomvd>character ID values</edomvd>
						<edomvds>
National Inventory of Dams
Database
</edomvds>
					</edom>
				</attrdomv>
				<attalias Sync="TRUE">FD_FUNDING</attalias>
				<attrtype Sync="TRUE">String</attrtype>
				<attwidth Sync="TRUE">20</attwidth>
				<atprecis Sync="TRUE">0</atprecis>
				<attscale Sync="TRUE">0</attscale>
			</attr>
			<attr>
				<attrlabl Sync="TRUE">FD_INSPECT</attrlabl>
				<attrdef>
Code identifying which federal agency is involved
in the operation of the dam.
</attrdef>
				<attrdefs>National Inventory of Dams Database</attrdefs>
				<attrdomv>
					<edom>
						<edomv>20</edomv>
						<edomvd>character ID values</edomvd>
						<edomvds>
National Inventory of Dams
Database
</edomvds>
					</edom>
				</attrdomv>
				<attalias Sync="TRUE">FD_INSPECT</attalias>
				<attrtype Sync="TRUE">String</attrtype>
				<attwidth Sync="TRUE">20</attwidth>
				<atprecis Sync="TRUE">0</atprecis>
				<attscale Sync="TRUE">0</attscale>
			</attr>
			<attr>
				<attrlabl Sync="TRUE">FD_OPERATE</attrlabl>
				<attrdef>
Code identifying which federal agency is involved
in other aspects of the dam.
</attrdef>
				<attrdefs>National Inventory of Dams Database</attrdefs>
				<attrdomv>
					<edom>
						<edomv>20</edomv>
						<edomvd>character ID value</edomvd>
						<edomvds>
National Inventory of Dams
Database
</edomvds>
					</edom>
				</attrdomv>
				<attalias Sync="TRUE">FD_OPERATE</attalias>
				<attrtype Sync="TRUE">String</attrtype>
				<attwidth Sync="TRUE">20</attwidth>
				<atprecis Sync="TRUE">0</atprecis>
				<attscale Sync="TRUE">0</attscale>
			</attr>
			<attr>
				<attrlabl Sync="TRUE">FD_OTHER</attrlabl>
				<attrdef>
Code identifying which federal agency partly or
wholly owns the dam.
</attrdef>
				<attrdefs>National Inventory of Dams Database</attrdefs>
				<attrdomv>
					<edom>
						<edomv>20</edomv>
						<edomvd>character ID value</edomvd>
						<edomvds>
National Inventory of Dams
Database
</edomvds>
					</edom>
				</attrdomv>
				<attalias Sync="TRUE">FD_OTHER</attalias>
				<attrtype Sync="TRUE">String</attrtype>
				<attwidth Sync="TRUE">20</attwidth>
				<atprecis Sync="TRUE">0</atprecis>
				<attscale Sync="TRUE">0</attscale>
			</attr>
			<attr>
				<attrlabl Sync="TRUE">FD_OWNER</attrlabl>
				<attrdef>
Code identifying which federal agency is involved
in the regulation of the dam.
</attrdef>
				<attrdefs>National Inventory of Dams Database</attrdefs>
				<attrdomv>
					<edom>
						<edomv>20</edomv>
						<edomvd>character ID value</edomvd>
						<edomvds>
National Inventory of Dams
Database
</edomvds>
					</edom>
				</attrdomv>
				<attalias Sync="TRUE">FD_OWNER</attalias>
				<attrtype Sync="TRUE">String</attrtype>
				<attwidth Sync="TRUE">20</attwidth>
				<atprecis Sync="TRUE">0</atprecis>
				<attscale Sync="TRUE">0</attscale>
			</attr>
			<attr>
				<attrlabl Sync="TRUE">FD_REGULAT</attrlabl>
				<attrdef>
Code identifying the federal agency that has
provided the data for field names #35-40.
</attrdef>
				<attrdefs>National Inventory of Dams Database</attrdefs>
				<attrdomv>
					<edom>
						<edomv>9</edomv>
						<edomvd>character ID values</edomvd>
						<edomvds>
National Inventory of Dams
Database
</edomvds>
					</edom>
				</attrdomv>
				<attalias Sync="TRUE">FD_REGULAT</attalias>
				<attrtype Sync="TRUE">String</attrtype>
				<attwidth Sync="TRUE">20</attwidth>
				<atprecis Sync="TRUE">0</atprecis>
				<attscale Sync="TRUE">0</attscale>
			</attr>
			<attr>
				<attrlabl Sync="TRUE">SUPP_FED</attrlabl>
				<attrdef>Date of the transmittal from field item #51.</attrdef>
				<attrdefs>National Inventory of Dams Database</attrdefs>
				<attrdomv>
					<edom>
						<edomv>8</edomv>
						<edomvd>Integer value</edomvd>
						<edomvds>
National Inventory of Dams
Database
</edomvds>
					</edom>
				</attrdomv>
				<attalias Sync="TRUE">SUPP_FED</attalias>
				<attrtype Sync="TRUE">String</attrtype>
				<attwidth Sync="TRUE">9</attwidth>
				<atprecis Sync="TRUE">0</atprecis>
				<attscale Sync="TRUE">0</attscale>
			</attr>
			<attr>
				<attrlabl Sync="TRUE">SUPP_DATE</attrlabl>
				<attrdef>
Code identifying the federal or state source
agency that has provided the field data on the dam, with the exception
of field items #35-40.
</attrdef>
				<attrdefs>National Inventory of Dams Database</attrdefs>
				<attrdomv>
					<edom>
						<edomv>9</edomv>
						<edomvd>character ID values</edomvd>
						<edomvds>
National Inventory of Dams
Database
</edomvds>
					</edom>
				</attrdomv>
				<attalias Sync="TRUE">SUPP_DATE</attalias>
				<attrtype Sync="TRUE">Date</attrtype>
				<attwidth Sync="TRUE">8</attwidth>
				<atprecis Sync="TRUE">0</atprecis>
				<attscale Sync="TRUE">0</attscale>
			</attr>
			<attr>
				<attrlabl Sync="TRUE">SOURC_AGCY</attrlabl>
				<attrdef>
Date of the transmittal submitted by the primary
source agency.
</attrdef>
				<attrdefs>National Inventory of Dams Database</attrdefs>
				<attrdomv>
					<edom>
						<edomv>8</edomv>
						<edomvd>Integer value</edomvd>
						<edomvds>
National Inventory of Dams
Database
</edomvds>
					</edom>
				</attrdomv>
				<attalias Sync="TRUE">SOURC_AGCY</attalias>
				<attrtype Sync="TRUE">String</attrtype>
				<attwidth Sync="TRUE">9</attwidth>
				<atprecis Sync="TRUE">0</atprecis>
				<attscale Sync="TRUE">0</attscale>
			</attr>
			<attr>
				<attrlabl Sync="TRUE">SOURC_DATE</attrlabl>
				<attrdef>
The official agency identification number for the
dam, used by the source agency's local dam inventory system.
</attrdef>
				<attrdefs>National Inventory of Dams Database</attrdefs>
				<attrdomv>
					<edom>
						<edomv>15</edomv>
						<edomvd>Integer value</edomvd>
						<edomvds>
National Inventory of Dams
Database
</edomvds>
					</edom>
				</attrdomv>
				<attalias Sync="TRUE">SOURC_DATE</attalias>
				<attrtype Sync="TRUE">Date</attrtype>
				<attwidth Sync="TRUE">8</attwidth>
				<atprecis Sync="TRUE">0</atprecis>
				<attscale Sync="TRUE">0</attscale>
			</attr>
			<attr>
				<attrlabl Sync="TRUE">SOURCE_ID</attrlabl>
				<attrdef>
Dam longitude as a single value, in decimal
degrees.
</attrdef>
				<attrdefs>National Inventory of Dams Database</attrdefs>
				<attrdomv>
					<edom>
						<edomv>8</edomv>
						<edomvd>Floating value</edomvd>
						<edomvds>
National Inventory of Dams
Database
</edomvds>
					</edom>
				</attrdomv>
				<attalias Sync="TRUE">SOURCE_ID</attalias>
				<attrtype Sync="TRUE">String</attrtype>
				<attwidth Sync="TRUE">15</attwidth>
				<atprecis Sync="TRUE">0</atprecis>
				<attscale Sync="TRUE">0</attscale>
			</attr>
			<attr>
				<attrlabl Sync="TRUE">LONGITUD_X</attrlabl>
				<attrdef>
Dam latitude as a single value, in decimal
degrees.
</attrdef>
				<attrdefs>National Inventory of Dams Database</attrdefs>
				<attrdomv>
					<edom>
						<edomv>8</edomv>
						<edomvd>Floating value</edomvd>
						<edomvds>
National Inventory of Dams
Database
</edomvds>
					</edom>
				</attrdomv>
				<attalias Sync="TRUE">LONGITUD_X</attalias>
				<attrtype Sync="TRUE">Double</attrtype>
				<attwidth Sync="TRUE">19</attwidth>
				<atprecis Sync="TRUE">18</atprecis>
				<attscale Sync="TRUE">6</attscale>
			</attr>
			<attr>
				<attrlabl Sync="TRUE">LATITUDE_Y</attrlabl>
				<attrdef>
The Federal Information Processing Standard code
used by the U.S. Bureau of Census for the state in which the dam is
located.
</attrdef>
				<attrdefs>National Inventory of Dams Database</attrdefs>
				<attrdomv>
					<edom>
						<edomv>2</edomv>
						<edomvd>character ID value</edomvd>
						<edomvds>
National Inventory of Dams
Database
</edomvds>
					</edom>
				</attrdomv>
				<attalias Sync="TRUE">LATITUDE_Y</attalias>
				<attrtype Sync="TRUE">Double</attrtype>
				<attwidth Sync="TRUE">19</attwidth>
				<atprecis Sync="TRUE">18</atprecis>
				<attscale Sync="TRUE">6</attscale>
			</attr>
			<attr>
				<attrlabl Sync="TRUE">FIPS_STATE</attrlabl>
				<attrdef>
The Federal Information Processing Standard code
used by the U.S. Bureau of Census for the county in which the dam is
located.
</attrdef>
				<attrdefs>National Inventory of Dams Database</attrdefs>
				<attrdomv>
					<edom>
						<edomv>6</edomv>
						<edomvd>character ID values</edomvd>
						<edomvds>
National Inventory of Dams
Database
</edomvds>
					</edom>
				</attrdomv>
				<attalias Sync="TRUE">FIPS_STATE</attalias>
				<attrtype Sync="TRUE">String</attrtype>
				<attwidth Sync="TRUE">2</attwidth>
				<atprecis Sync="TRUE">0</atprecis>
				<attscale Sync="TRUE">0</attscale>
			</attr>
			<attr>
				<attrlabl Sync="TRUE">FIPS_CNTY</attrlabl>
				<attrdef>Basins assigned cataloging unit.</attrdef>
				<attrdefs>National Inventory of Dams Database</attrdefs>
				<attrdomv>
					<edom>
						<edomv>8</edomv>
						<edomvd>character ID value</edomvd>
						<edomvds>
National Inventory of Dams
Database
</edomvds>
					</edom>
				</attrdomv>
				<attalias Sync="TRUE">FIPS_CNTY</attalias>
				<attrtype Sync="TRUE">String</attrtype>
				<attwidth Sync="TRUE">6</attwidth>
				<atprecis Sync="TRUE">0</atprecis>
				<attscale Sync="TRUE">0</attscale>
			</attr>
			<attr>
				<attrlabl Sync="TRUE">BCU</attrlabl>
				<attalias Sync="TRUE">BCU</attalias>
				<attrtype Sync="TRUE">String</attrtype>
				<attwidth Sync="TRUE">8</attwidth>
				<atprecis Sync="TRUE">0</atprecis>
				<attscale Sync="TRUE">0</attscale>
			</attr>
			<attr>
				<attrlabl Sync="TRUE">SHAPE</attrlabl>
				<attalias Sync="TRUE">Shape</attalias>
				<attrtype Sync="TRUE">Geometry</attrtype>
				<attwidth Sync="TRUE">0</attwidth>
				<atprecis Sync="TRUE">0</atprecis>
				<attscale Sync="TRUE">0</attscale>
				<attrdef Sync="TRUE">Feature geometry.</attrdef>
				<attrdefs Sync="TRUE">ESRI</attrdefs>
				<attrdomv>
					<udom Sync="TRUE">Coordinates defining the features.</udom>
				</attrdomv>
			</attr>
		</detailed>
		<overview>
			<eaover>
This database shows the age of the dam, number of people living
downstream, and some inspection information. The dam inspection data also
includes location information (such as latitude, longitude and nearest
town), a description of a dam's size, reservoir capacity, the owner and
the regulatory oversight agency.
</eaover>
			<eadetcit>See Entity_and_Attribute_Information.</eadetcit>
		</overview>
	</eainfo>
	<distinfo>
		<distrib>
			<cntinfo>
				<cntorgp>
					<cntorg>USEPA/Office of Water/OST</cntorg>
				</cntorgp>
				<cntaddr>
					<addrtype>Mailing Address</addrtype>
					<address>401 M Street, SW (4305)</address>
					<city>Washington</city>
					<state>District of Columbia</state>
					<postal>20460</postal>
					<country>USA</country>
				</cntaddr>
				<cntvoice>202-260-7301</cntvoice>
				<cntfax>202-260-9830</cntfax>
			</cntinfo>
		</distrib>
		<distliab>
Although these data have been processed successfully on a computer
system at Tetra Tech, Inc., no warranty expressed or implied is
made regarding the accuracy or utility of the data on any other
system or for general or scientific purposes, nor shall the act of
distribution constitute any such warranty. This disclaimer applies
both to individual use of the data and aggregate use with other
data. It is also strongly recommended that careful attention be
paid to the contents of the metadata file associated with these
data.  The U.S. Environmental Protection Agency nor Tetra Tech,
Inc. shall not be held liable for improper or incorrect use of the
data described and/or contained herein.
</distliab>
		<stdorder>
			<digform>
				<digtinfo>
					<formname>
Environmental Systems Research Institute (ESRI)
ArcView Shapefile
</formname>
				</digtinfo>
				<digtopt>
					<onlinopt>
						<computer>
							<networka>
								<networkr>http://www.epa.gov/OST/BASINS</networkr>
							</networka>
						</computer>
					</onlinopt>
					<offoptn>
						<offmedia>CD-ROM</offmedia>
						<recfmt>ISO 9660</recfmt>
					</offoptn>
				</digtopt>
			</digform>
			<fees>None</fees>
			<ordering>
When requesting data by phone or mail, please inquire about
spatial data sets that work with Better Assessment Science
Integrating Point and Nonpoint Sources (BASINS).  The BASINS web
page has instructions for downloading datasets.  It also has a
link to The National Center for Environmental Publications and
Information (NCEPI), from which BASINS CD-ROMs may be ordered.
Each CD-ROM contains the BASINS v2.0 Application and this data
set along with others covering the spatial extent of an EPA
Region.
</ordering>
		</stdorder>
		<resdesc>Downloadable Data</resdesc>
	</distinfo>
	<metainfo>
		<metd>20030128</metd>
		<metc>
			<cntinfo>
				<cntorgp>
					<cntorg>USEPA/OW/OST</cntorg>
					<cntper>The person responsible for the metadata information.</cntper>
				</cntorgp>
				<cntaddr>
					<addrtype>Mailing Address</addrtype>
					<address>401 M Street, SW (4305)</address>
					<city>Washington</city>
					<state>District of Columbia</state>
					<postal>20460</postal>
					<country>USA</country>
				</cntaddr>
				<cntvoice>202 260 7301</cntvoice>
			</cntinfo>
		</metc>
		<metstdn>FGDC Content Standards for Digital Geospatial Metadata</metstdn>
		<metstdv>FGDC-STD-001-1998</metstdv>
		<langmeta>en</langmeta>
		<mettc>local time</mettc>
		<metextns>
			<onlink>http://www.esri.com/metadata/esriprof80.html</onlink>
			<metprof>ESRI Metadata Profile</metprof>
		</metextns>
	</metainfo>
	<Esri>
		<CreaDate>20030213</CreaDate>
		<CreaTime>09491000</CreaTime>
		<SyncOnce>FALSE</SyncOnce>
		<SyncDate>20250601</SyncDate>
		<SyncTime>18232400</SyncTime>
		<ModDate>20250601</ModDate>
		<ModTime>18232400</ModTime>
		<ArcGISFormat>1.0</ArcGISFormat>
		<DataProperties>
			<itemProps>
				<imsContentType>002</imsContentType>
				<itemName Sync="TRUE">Dam</itemName><nativeExtBox><westBL Sync="TRUE">-612498.214769</westBL><eastBL Sync="TRUE">762730.507664</eastBL><southBL Sync="TRUE">3471325.383592</southBL><northBL Sync="TRUE">4767080.831071</northBL><exTypeCode Sync="TRUE">1</exTypeCode></nativeExtBox><itemSize Sync="TRUE">0.066</itemSize><itemLocation><linkage Sync="TRUE">file://\\LBRY-Z00294\C$\GIS_Projects\UA\UAL\GeoBlacklight_Data\GeoBlacklight_Data\UAiR_data\Dam\Dam.shp</linkage><protocol Sync="TRUE">Local Area Network</protocol></itemLocation></itemProps>
			<coordRef><type Sync="TRUE">Projected</type><geogcsn Sync="TRUE">GCS_North_American_1983</geogcsn><csUnits Sync="TRUE">Linear Unit: Meter (1.000000)</csUnits><projcsn Sync="TRUE">NAD_1983_UTM_Zone_12N</projcsn><peXml Sync="TRUE">&lt;ProjectedCoordinateSystem xsi:type='typens:ProjectedCoordinateSystem' xmlns:xsi='http://www.w3.org/2001/XMLSchema-instance' xmlns:xs='http://www.w3.org/2001/XMLSchema' xmlns:typens='http://www.esri.com/schemas/ArcGIS/3.3.0'&gt;&lt;WKT&gt;PROJCS[&amp;quot;NAD_1983_UTM_Zone_12N&amp;quot;,GEOGCS[&amp;quot;GCS_North_American_1983&amp;quot;,DATUM[&amp;quot;D_North_American_1983&amp;quot;,SPHEROID[&amp;quot;GRS_1980&amp;quot;,6378137.0,298.257222101]],PRIMEM[&amp;quot;Greenwich&amp;quot;,0.0],UNIT[&amp;quot;Degree&amp;quot;,0.0174532925199433]],PROJECTION[&amp;quot;Transverse_Mercator&amp;quot;],PARAMETER[&amp;quot;False_Easting&amp;quot;,500000.0],PARAMETER[&amp;quot;False_Northing&amp;quot;,0.0],PARAMETER[&amp;quot;Central_Meridian&amp;quot;,-111.0],PARAMETER[&amp;quot;Scale_Factor&amp;quot;,0.9996],PARAMETER[&amp;quot;Latitude_Of_Origin&amp;quot;,0.0],UNIT[&amp;quot;Meter&amp;quot;,1.0],AUTHORITY[&amp;quot;EPSG&amp;quot;,26912]]&lt;/WKT&gt;&lt;XOrigin&gt;-5120900&lt;/XOrigin&gt;&lt;YOrigin&gt;-9998100&lt;/YOrigin&gt;&lt;XYScale&gt;450445547.3910538&lt;/XYScale&gt;&lt;ZOrigin&gt;-100000&lt;/ZOrigin&gt;&lt;ZScale&gt;10000&lt;/ZScale&gt;&lt;MOrigin&gt;-100000&lt;/MOrigin&gt;&lt;MScale&gt;10000&lt;/MScale&gt;&lt;XYTolerance&gt;0.001&lt;/XYTolerance&gt;&lt;ZTolerance&gt;0.001&lt;/ZTolerance&gt;&lt;MTolerance&gt;0.001&lt;/MTolerance&gt;&lt;HighPrecision&gt;true&lt;/HighPrecision&gt;&lt;WKID&gt;26912&lt;/WKID&gt;&lt;LatestWKID&gt;26912&lt;/LatestWKID&gt;&lt;/ProjectedCoordinateSystem&gt;</peXml></coordRef></DataProperties>
	</Esri>
	<mdLang>
		<languageCode value="eng">
		</languageCode>
		<countryCode value="USA" Sync="TRUE"></countryCode></mdLang>
	<mdChar>
		<CharSetCd value="004"/>
	</mdChar>
	<mdHrLv>
		<ScopeCd value="005"/>
	</mdHrLv>
	<mdContact>
		<rpIndName>The person responsible for the metadata information.</rpIndName>
		<rpOrgName>USEPA/OW/OST</rpOrgName>
		<rpCntInfo>
			<cntPhone>
				<voiceNum>202 260 7301</voiceNum>
			</cntPhone>
			<cntAddress addressType="postal">
				<delPoint>401 M Street, SW (4305)</delPoint>
				<city>Washington</city>
				<adminArea>District of Columbia</adminArea>
				<postCode>20460</postCode>
				<country>US</country>
			</cntAddress>
		</rpCntInfo>
		<role>
			<RoleCd value="007"/>
		</role>
	</mdContact>
	<mdDateSt>20030128</mdDateSt>
	<mdStanName>ArcGIS Metadata</mdStanName>
	<mdStanVer>1.0</mdStanVer>
	<distInfo>
		<distributor>
			<distorCont>
				<rpOrgName>USEPA/Office of Water/OST</rpOrgName>
				<rpCntInfo>
					<cntPhone>
						<voiceNum>202-260-7301</voiceNum>
						<faxNum>202-260-9830</faxNum>
					</cntPhone>
					<cntAddress addressType="postal">
						<delPoint>401 M Street, SW (4305)</delPoint>
						<city>Washington</city>
						<adminArea>District of Columbia</adminArea>
						<postCode>20460</postCode>
						<country>US</country>
					</cntAddress>
				</rpCntInfo>
				<role>
					<RoleCd value="005"/>
				</role>
			</distorCont>
			<distorOrdPrc>
				<resFees>None</resFees>
				<ordInstr>
When requesting data by phone or mail, please inquire about
spatial data sets that work with Better Assessment Science
Integrating Point and Nonpoint Sources (BASINS).  The BASINS web
page has instructions for downloading datasets.  It also has a
link to The National Center for Environmental Publications and
Information (NCEPI), from which BASINS CD-ROMs may be ordered.
Each CD-ROM contains the BASINS v2.0 Application and this data
set along with others covering the spatial extent of an EPA
Region.
</ordInstr>
			</distorOrdPrc>
			<distorFormat>
				<formatName>
Environmental Systems Research Institute (ESRI)
ArcView Shapefile
</formatName>
			</distorFormat>
			<distorTran>
				<offLineMed>
					<medName>
						<MedNameCd value="001"/>
					</medName>
					<medFormat>
						<MedFormCd value="004"/>
					</medFormat>
				</offLineMed>
			</distorTran>
			<distorTran>
				<onLineSrc>
					<linkage>http://www.epa.gov/OST/BASINS</linkage>
				</onLineSrc>
			</distorTran>
		</distributor>
		<distFormat><formatName Sync="TRUE">Shapefile</formatName></distFormat><distTranOps><transSize Sync="TRUE">0.066</transSize></distTranOps></distInfo>
	<dataIdInfo><idCitation><resTitle>EPA Dam Locations</resTitle><date><pubDate>1998-08-01</pubDate></date><citRespParty><rpOrgName>U.S. Environmental Protection Agency/Office of Water/OST<!-- WARNING: translation from FGDC is ambiguous, this may require correction --></rpOrgName><role><RoleCd value="006"/></role></citRespParty><citRespParty><rpOrgName>U.S. Environmental Protection Agency<!-- WARNING: translation from FGDC is ambiguous, this may require correction --></rpOrgName><rpCntInfo><cntAddress><delPoint>Washington, D.C.<!-- WARNING: translation from FGDC is ambiguous, this may require correction --></delPoint></cntAddress></rpCntInfo><role><RoleCd value="010"/></role></citRespParty><presForm><PresFormCd value="005"/></presForm><presForm><fgdcGeoform>vector digital data</fgdcGeoform></presForm></idCitation><idAbs>
This dataset provides a locational map of 75,187 dams in the conterminous
United States. The National Inventory of Dams was originally developed by
the U.S. Army Corps of Engineers and the Federal Emergency Management
Agency. It was developed to track dam related problem areas. This database
shows the age of the dam, number of people living downstream, and some
inspection information. The dam inspection data also includes location
information (such as latitude, longitude and nearest town), a description
of a dam's size, reservoir capacity, the owner and the regulatory
oversight agency.

For distribution with BASINS v.2.0, the data layer was prepared in Arcview
shape file format.
</idAbs><idPurp>
The National Inventory of Dams was originally developed by
the U.S. Army Corps of Engineers and the Federal Emergency Management
Agency. It was developed to track dam related problem areas. This database
shows the age of the dam, number of people living downstream, and some
inspection information. The dam inspection data also includes location
information (such as latitude, longitude and nearest town), a description
of a dam's size, reservoir capacity, the owner and the regulatory
oversight agency.
</idPurp><idStatus><ProgCd value="001"/></idStatus><idPoC><rpOrgName>Federal Emergency Management Agency.</rpOrgName><rpCntInfo><cntPhone><voiceNum>202-646-2801</voiceNum></cntPhone><cntAddress addressType="postal"><delPoint>500 C St.</delPoint><city>Washington</city><adminArea>DC</adminArea><postCode>20472</postCode></cntAddress></rpCntInfo><role><RoleCd value="007"/></role></idPoC><resMaint><maintFreq><MaintFreqCd value="009"/></maintFreq></resMaint><placeKeys><keyword>Conterminous United States of America (CONUS)</keyword><keyword>Alabama AL</keyword><keyword>Arizona AZ</keyword><keyword>Arkansas AR</keyword><keyword>California CA</keyword><keyword>Colorado CO</keyword><keyword>Connecticut CT</keyword><keyword>Delaware DE</keyword><keyword>District of Columbia DC</keyword><keyword>Florida FL</keyword><keyword>Georgia GA</keyword><keyword>Idaho ID</keyword><keyword>Illinois IL</keyword><keyword>Indiana IN</keyword><keyword>Iowa IA</keyword><keyword>Kansas KS</keyword><keyword>Kentucky KY</keyword><keyword>Louisiana LA</keyword><keyword>Maine ME</keyword><keyword>Maryland MD</keyword><keyword>Massachusetts MA</keyword><keyword>Michigan MI</keyword><keyword>Minnesota MN</keyword><keyword>Mississippi MS</keyword><keyword>Missouri MO</keyword><keyword>Montana MT</keyword><keyword>Nebraska NE</keyword><keyword>Nevada NV</keyword><keyword>New Hampshire NH</keyword><keyword>New Jersey NJ</keyword><keyword>New Mexico NM</keyword><keyword>New York NY</keyword><keyword>North Carolina NC</keyword><keyword>North Dakota ND</keyword><keyword>Ohio OH</keyword><keyword>Oklahoma OK</keyword><keyword>Oregon OR</keyword><keyword>Pennsylvania PA</keyword><keyword>Rhode Island RI</keyword><keyword>South Carolina SC</keyword><keyword>South Dakota SD</keyword><keyword>Tennessee TN</keyword><keyword>Texas TX</keyword><keyword>Utah UT</keyword><keyword>Vermont VT</keyword><keyword>Virginia VA</keyword><keyword>Washington WA</keyword><keyword>West Virginia WV</keyword><keyword>Wisconsin WI</keyword><keyword>Wyoming WY</keyword><thesaName><resTitle>Geographic Names Information System</resTitle></thesaName></placeKeys><themeKeys><keyword>National Inventory of Dams</keyword></themeKeys><searchKeys><keyword>National Inventory of Dams</keyword><keyword>Conterminous United States of America (CONUS)</keyword><keyword>Alabama AL</keyword><keyword>Arizona AZ</keyword><keyword>Arkansas AR</keyword><keyword>California CA</keyword><keyword>Colorado CO</keyword><keyword>Connecticut CT</keyword><keyword>Delaware DE</keyword><keyword>District of Columbia DC</keyword><keyword>Florida FL</keyword><keyword>Georgia GA</keyword><keyword>Idaho ID</keyword><keyword>Illinois IL</keyword><keyword>Indiana IN</keyword><keyword>Iowa IA</keyword><keyword>Kansas KS</keyword><keyword>Kentucky KY</keyword><keyword>Louisiana LA</keyword><keyword>Maine ME</keyword><keyword>Maryland MD</keyword><keyword>Massachusetts MA</keyword><keyword>Michigan MI</keyword><keyword>Minnesota MN</keyword><keyword>Mississippi MS</keyword><keyword>Missouri MO</keyword><keyword>Montana MT</keyword><keyword>Nebraska NE</keyword><keyword>Nevada NV</keyword><keyword>New Hampshire NH</keyword><keyword>New Jersey NJ</keyword><keyword>New Mexico NM</keyword><keyword>New York NY</keyword><keyword>North Carolina NC</keyword><keyword>North Dakota ND</keyword><keyword>Ohio OH</keyword><keyword>Oklahoma OK</keyword><keyword>Oregon OR</keyword><keyword>Pennsylvania PA</keyword><keyword>Rhode Island RI</keyword><keyword>South Carolina SC</keyword><keyword>South Dakota SD</keyword><keyword>Tennessee TN</keyword><keyword>Texas TX</keyword><keyword>Utah UT</keyword><keyword>Vermont VT</keyword><keyword>Virginia VA</keyword><keyword>Washington WA</keyword><keyword>West Virginia WV</keyword><keyword>Wisconsin WI</keyword><keyword>Wyoming WY</keyword></searchKeys><resConst><LegConsts><useLimit>
Although these data have been processed successfully on a computer
system at Tetra Tech, Inc., no warranty expressed or implied is
made regarding the accuracy or utility of the data on any other
system or for general or scientific purposes, nor shall the act of
distribution constitute any such warranty. This disclaimer applies
both to individual use of the data and aggregate use with other
data. It is also strongly recommended that careful attention be
paid to the contents of the metadata file associated with these
data.  The U.S. Environmental Protection Agency nor Tetra Tech,
Inc. shall not be held liable for improper or incorrect use of the
data described and/or contained herein.
</useLimit></LegConsts></resConst><spatRpType><SpatRepTypCd value="001"/></spatRpType><dataLang><languageCode value="eng"/><countryCode value="USA" Sync="TRUE"></countryCode></dataLang><envirDesc>Microsoft Windows 2000 Version 5.0 (Build 2195) Service Pack 3; ESRI ArcCatalog 8.3.0.796</envirDesc><dataExt><geoEle><GeoBndBox><exTypeCode>true</exTypeCode><westBL>-124.476214</westBL><eastBL>-107.776189</eastBL><northBL>43.056424</northBL><southBL>30.850996</southBL></GeoBndBox></geoEle></dataExt><dataExt><exDesc>1996</exDesc><tempEle><TempExtent><exTemp><TM_Instant><tmPosition>1996</tmPosition></TM_Instant></exTemp></TempExtent></tempEle><geoEle/></dataExt><suppInfo>

Intended use of data:
This data set was prepared to support the U.S. EPA BASINS (Better
Assessment Science Integrating Point and Nonpoint Sources) System.
The dam point coverage provides Geographic Information System
GIS) applications with a valuable data layer for base mapping of dam
locations. These locations are used in numerous types of analysis, e.g.,
stream network analysis, hydrologic flow.
</suppInfo><dataExt><geoEle><GeoBndBox esriExtentType="search"><exTypeCode Sync="TRUE">1</exTypeCode><westBL Sync="TRUE">-124.476220</westBL><eastBL Sync="TRUE">-107.776189</eastBL><northBL Sync="TRUE">43.056426</northBL><southBL Sync="TRUE">30.850996</southBL></GeoBndBox></geoEle></dataExt></dataIdInfo>
	<dqInfo>
		<dqScope>
			<scpLvl>
				<ScopeCd value="005"/>
			</scpLvl>
		</dqScope>
		<report type="DQConcConsis">
			<measDesc>Point features present</measDesc>
		</report>
		<report type="DQCompOm">
			<measDesc>See Supplemental_Information</measDesc>
		</report>
		<dataLineage>
			<prcStep>
				<stepDesc>
Using the ADD EVENT THEME function of Arcview, an Arcview shape
file showing the locations of the dams is created  based on the
latitude and longitude coordinates associated with each dam site
in the dams database.

For distribution with BASINS 2.0, the data layer was divided by EPA
regions (i.e. distribution by CD).  Other form of data distribution
(e.g. by cataloging unit) is available through the web
http://www.epa.gov/OST/BASINS
</stepDesc>
				<stepDateTm>1998-02-18</stepDateTm>
				<stepProc>
					<rpOrgName>Tetra Tech, Inc.</rpOrgName>
					<rpCntInfo>
						<cntPhone>
							<voiceNum>703-385-6000</voiceNum>
						</cntPhone>
						<cntAddress addressType="postal">
							<delPoint>10306 Eaton Place, Suite 340</delPoint>
							<city>Fairfax</city>
							<adminArea>Virginia</adminArea>
							<postCode>22030</postCode>
							<country>US</country>
						</cntAddress>
						<cntInstr>See Distributor_Information</cntInstr>
					</rpCntInfo>
					<role>
						<RoleCd value="009"/>
					</role>
				</stepProc>
			</prcStep>
			<prcStep>
				<stepDesc>Metadata imported.</stepDesc>
				<stepSrc type="used">
					<srcCitatn>
						<resAltTitle>C:\DOCUME~1\dborden\LOCALS~1\Temp\xml3E.tmp</resAltTitle>
					</srcCitatn>
				</stepSrc>
			</prcStep>
		</dataLineage>
	</dqInfo>
	<spatRepInfo>
		<VectSpatRep><geometObjs Name="Dam"><geoObjTyp><GeoObjTypCd value="004" Sync="TRUE"></GeoObjTypCd></geoObjTyp><geoObjCnt Sync="TRUE">2471</geoObjCnt></geometObjs><topLvl><TopoLevCd value="001" Sync="TRUE"></TopoLevCd></topLvl></VectSpatRep></spatRepInfo>
	<Binary></Binary>
	<mdHrLvName Sync="TRUE">dataset</mdHrLvName><refSysInfo><RefSystem><refSysID><identCode code="26912" Sync="TRUE"></identCode><idCodeSpace Sync="TRUE">EPSG</idCodeSpace><idVersion Sync="TRUE">6.11(3.0.1)</idVersion></refSysID></RefSystem></refSysInfo></metadata>
